,verdict,buying,maint,doors,persons,lug_boot,safety,condprob
0,unacc,med,med,4,2,small,med,1.0
1,good,med,low,2,more,big,med,1.0
2,unacc,high,high,2,2,small,med,1.0
3,acc,vhigh,vhigh,3,2,big,low,0.25
4,vgood,low,low,4,more,med,high,1.0
5,unacc,high,med,2,more,small,med,1.0
6,unacc,med,vhigh,4,2,med,med,1.0
7,unacc,vhigh,high,5more,more,med,low,1.0
8,unacc,high,vhigh,5more,4,small,med,1.0
9,unacc,med,low,4,2,med,med,1.0
10,unacc,vhigh,low,2,2,med,med,1.0
11,acc,low,high,2,4,med,med,1.0
12,unacc,med,med,3,2,small,high,1.0
13,good,low,low,3,4,med,high,1.0
14,acc,low,vhigh,4,4,med,high,1.0
15,unacc,low,med,4,2,small,low,1.0
16,unacc,low,vhigh,4,4,small,low,1.0
17,acc,low,vhigh,3,more,med,med,1.0
18,acc,low,vhigh,4,more,big,med,1.0
19,acc,med,vhigh,5more,more,med,high,1.0
20,acc,high,high,2,4,med,high,0.5
21,unacc,vhigh,high,2,4,small,high,1.0
22,acc,low,low,4,more,small,med,1.0
23,unacc,high,med,3,4,small,low,1.0
24,good,low,med,3,more,med,med,1.0
25,acc,low,med,3,more,small,med,1.0
26,unacc,vhigh,vhigh,4,2,small,high,1.0
27,acc,med,high,4,more,med,high,1.0
28,unacc,high,vhigh,4,4,small,low,1.0
29,unacc,vhigh,low,3,2,big,high,1.0
30,unacc,high,low,2,more,med,med,1.0
31,unacc,med,med,4,4,big,low,1.0
32,unacc,high,low,4,4,small,med,1.0
33,unacc,med,med,5more,2,med,high,1.0
34,vgood,low,high,2,more,big,high,1.0
35,acc,high,med,2,more,med,high,1.0
36,unacc,med,high,4,2,big,high,1.0
37,acc,med,high,3,more,big,high,1.0
38,unacc,low,med,4,4,big,low,1.0
39,good,low,med,2,4,small,high,1.0
40,unacc,high,high,5more,more,big,low,1.0
41,unacc,low,med,5more,2,big,med,1.0
42,unacc,low,vhigh,5more,more,big,low,1.0
43,unacc,low,low,2,4,small,low,1.0
44,acc,med,high,5more,more,big,med,1.0
45,unacc,low,vhigh,5more,2,small,med,1.0
46,unacc,high,low,5more,2,big,low,1.0
47,unacc,med,med,2,more,big,low,1.0
48,good,low,med,2,more,med,high,1.0
49,unacc,vhigh,vhigh,5more,4,big,med,1.0
50,unacc,vhigh,high,3,4,big,low,1.0
51,acc,low,med,3,4,small,med,1.0
52,unacc,high,med,5more,4,small,med,1.0
53,unacc,high,high,4,2,big,high,1.0
54,unacc,low,vhigh,3,2,big,low,1.0
55,acc,vhigh,med,4,more,med,med,1.0
56,unacc,vhigh,high,2,more,small,high,1.0
57,unacc,high,vhigh,4,4,med,low,1.0
58,good,low,low,2,more,med,high,1.0
59,unacc,med,low,5more,2,small,low,1.0
60,acc,low,vhigh,4,more,med,high,1.0
61,unacc,vhigh,low,5more,more,big,low,1.0
62,acc,med,med,3,more,small,high,1.0
63,unacc,vhigh,vhigh,4,more,small,low,1.0
64,unacc,med,med,3,more,big,low,1.0
65,unacc,high,high,4,more,med,low,1.0
66,unacc,vhigh,high,4,4,big,high,1.0
67,acc,vhigh,low,2,more,med,high,1.0
68,acc,med,high,4,more,big,high,1.0
69,unacc,low,high,3,2,small,high,1.0
70,unacc,vhigh,high,2,more,small,med,1.0
71,unacc,low,vhigh,2,more,big,low,1.0
72,unacc,med,low,3,2,med,high,1.0
73,unacc,high,high,2,2,big,med,1.0
74,acc,med,low,5more,more,small,med,1.0
75,acc,med,high,4,more,med,med,1.0
76,unacc,high,vhigh,2,4,med,high,1.0
77,unacc,high,high,4,more,big,med,0.5
78,acc,low,med,2,more,med,med,1.0
79,unacc,vhigh,vhigh,5more,2,big,high,1.0
80,unacc,med,vhigh,2,more,med,med,1.0
81,unacc,low,low,5more,2,med,med,1.0
82,unacc,low,high,5more,4,big,low,1.0
83,acc,low,high,3,4,small,high,1.0
84,unacc,vhigh,low,5more,2,med,high,1.0
85,unacc,med,high,2,4,med,low,1.0
86,acc,med,med,3,more,big,med,1.0
87,unacc,vhigh,high,2,4,big,low,1.0
88,unacc,vhigh,vhigh,2,4,big,high,0.75
89,unacc,vhigh,low,4,2,big,high,1.0
90,good,low,low,4,4,big,med,1.0
91,unacc,low,low,3,2,med,med,1.0
92,unacc,vhigh,high,2,more,med,high,1.0
93,acc,low,vhigh,3,more,med,high,1.0
94,unacc,low,med,2,2,big,high,1.0
95,unacc,vhigh,low,5more,2,med,med,1.0
96,unacc,vhigh,high,3,2,big,low,1.0
97,unacc,med,low,2,more,med,low,1.0
98,unacc,vhigh,vhigh,5more,2,small,low,1.0
99,good,med,low,4,4,big,med,1.0
100,acc,vhigh,med,2,more,big,med,1.0
101,acc,high,med,2,more,big,med,1.0
102,unacc,vhigh,vhigh,4,2,med,high,1.0
103,unacc,low,low,3,2,med,high,1.0
104,unacc,vhigh,high,3,4,med,high,1.0
105,acc,vhigh,low,4,4,big,high,1.0
106,unacc,vhigh,high,2,more,med,med,1.0
107,unacc,high,med,4,more,med,low,1.0
108,unacc,vhigh,low,5more,more,small,med,1.0
109,unacc,high,low,2,more,small,med,1.0
110,unacc,low,vhigh,3,2,small,med,1.0
111,acc,high,low,3,more,small,high,1.0
112,acc,med,high,2,4,big,high,1.0
113,unacc,low,med,3,2,med,med,1.0
114,unacc,med,high,5more,4,big,low,1.0
115,acc,med,med,5more,more,big,med,1.0
116,acc,vhigh,vhigh,3,2,small,high,0.25
117,unacc,vhigh,high,5more,4,med,high,1.0
118,unacc,vhigh,med,5more,2,big,low,1.0
119,unacc,high,high,3,2,small,high,1.0
120,acc,med,med,5more,more,small,high,1.0
121,unacc,med,med,4,more,small,low,1.0
122,acc,high,high,5more,4,small,high,0.5
123,unacc,med,low,4,2,big,high,1.0
124,unacc,low,med,5more,more,big,low,1.0
125,unacc,vhigh,high,5more,2,small,low,1.0
126,vgood,low,med,2,more,big,high,1.0
127,unacc,high,low,4,more,big,low,1.0
128,unacc,med,vhigh,5more,2,small,high,1.0
129,unacc,high,vhigh,5more,more,small,med,1.0
130,acc,med,med,2,more,med,high,1.0
131,acc,high,med,3,more,med,high,1.0
132,unacc,vhigh,high,4,4,big,med,1.0
133,unacc,low,med,4,2,med,high,1.0
134,unacc,med,med,5more,2,small,med,1.0
135,unacc,low,high,3,2,small,med,1.0
136,unacc,high,vhigh,2,2,big,high,1.0
137,unacc,vhigh,low,2,more,med,med,1.0
138,acc,vhigh,med,5more,more,big,med,1.0
139,acc,low,high,5more,more,med,med,1.0
140,vgood,low,low,5more,4,big,high,1.0
141,acc,vhigh,low,5more,4,med,high,1.0
142,unacc,low,med,2,2,small,high,1.0
143,good,med,low,5more,more,med,med,1.0
144,vgood,low,low,5more,more,big,high,1.0
145,unacc,med,low,5more,2,med,med,1.0
146,acc,high,med,3,more,med,med,1.0
147,acc,vhigh,vhigh,2,4,med,high,0.25
148,unacc,low,vhigh,5more,2,big,high,1.0
149,unacc,high,med,3,2,small,med,1.0
150,unacc,low,low,3,4,small,low,1.0
151,unacc,vhigh,low,2,2,big,low,1.0
152,good,med,low,2,4,small,high,1.0
153,acc,high,low,5more,4,big,high,1.0
154,unacc,high,low,3,4,med,low,1.0
155,acc,vhigh,low,5more,4,med,med,1.0
156,unacc,high,med,5more,more,small,med,1.0
157,acc,med,vhigh,2,4,big,med,1.0
158,unacc,med,vhigh,3,more,small,low,1.0
159,acc,vhigh,vhigh,2,more,med,med,0.25
160,unacc,vhigh,vhigh,3,more,med,high,1.0
161,unacc,low,low,3,2,small,low,1.0
162,unacc,vhigh,high,2,2,big,med,1.0
163,unacc,low,vhigh,5more,more,med,low,1.0
164,acc,vhigh,vhigh,2,4,small,low,0.25
165,acc,low,high,3,4,big,med,1.0
166,acc,med,low,3,more,small,med,1.0
167,unacc,vhigh,high,3,4,big,med,1.0
168,unacc,high,high,2,2,big,low,1.0
169,unacc,vhigh,low,3,4,med,med,1.0
170,acc,high,med,5more,4,med,high,1.0
171,unacc,med,med,2,2,big,high,1.0
172,unacc,vhigh,vhigh,5more,more,small,low,1.0
173,unacc,high,high,3,4,big,low,1.0
174,unacc,med,high,3,more,med,low,1.0
175,unacc,med,low,2,2,med,med,1.0
176,unacc,high,vhigh,2,2,med,low,1.0
177,acc,low,vhigh,5more,more,small,high,1.0
178,unacc,high,med,5more,2,small,low,1.0
179,acc,vhigh,vhigh,2,more,small,low,0.25
180,unacc,high,low,3,4,small,med,1.0
181,unacc,med,vhigh,3,2,med,med,1.0
182,unacc,high,low,4,2,big,med,1.0
183,unacc,vhigh,low,5more,2,med,low,1.0
184,unacc,low,high,3,2,med,med,1.0
185,unacc,med,high,2,2,big,high,1.0
186,unacc,high,high,2,more,big,high,0.5
187,unacc,low,vhigh,3,2,big,high,1.0
188,acc,high,low,4,4,big,high,1.0
189,unacc,med,vhigh,2,more,big,low,1.0
190,acc,vhigh,vhigh,2,2,big,low,0.25
191,unacc,low,med,5more,more,small,low,1.0
192,acc,med,vhigh,5more,4,big,high,1.0
193,unacc,vhigh,vhigh,3,4,big,low,1.0
194,unacc,high,low,4,2,med,low,1.0
195,acc,med,high,5more,more,big,high,1.0
196,unacc,low,med,4,4,small,low,1.0
197,unacc,low,low,4,4,med,low,1.0
198,unacc,vhigh,high,5more,2,small,med,1.0
199,unacc,high,low,3,more,med,low,1.0
200,unacc,low,high,3,4,big,low,1.0
201,acc,med,med,4,more,small,high,1.0
202,unacc,high,med,5more,2,big,high,1.0
203,unacc,vhigh,high,2,more,big,low,1.0
204,acc,high,high,5more,more,small,high,0.5
205,unacc,high,vhigh,5more,2,small,high,1.0
206,acc,high,med,5more,4,small,high,1.0
207,unacc,high,vhigh,4,4,small,high,1.0
208,vgood,med,med,4,4,med,high,1.0
209,acc,high,high,2,more,big,high,0.5
210,unacc,high,high,5more,4,big,med,0.5
211,acc,vhigh,vhigh,3,2,med,med,0.25
212,unacc,high,med,4,4,med,low,1.0
213,acc,med,high,5more,4,big,med,1.0
214,unacc,vhigh,low,5more,4,small,med,1.0
215,unacc,low,vhigh,2,2,small,med,1.0
216,unacc,low,vhigh,2,4,med,low,1.0
217,acc,med,med,2,4,small,high,1.0
218,unacc,high,high,2,more,med,low,1.0
219,unacc,vhigh,vhigh,5more,2,small,high,1.0
220,unacc,high,high,3,more,med,low,1.0
221,acc,vhigh,vhigh,2,2,med,med,0.3333333333333333
222,unacc,low,high,3,2,med,high,1.0
223,unacc,high,low,2,2,big,high,1.0
224,vgood,low,med,3,4,big,high,1.0
225,acc,med,vhigh,5more,4,small,high,1.0
226,unacc,high,med,4,4,big,low,1.0
227,unacc,high,high,4,4,small,low,1.0
228,acc,vhigh,vhigh,3,2,med,high,0.25
229,unacc,low,vhigh,5more,2,med,high,1.0
230,acc,med,vhigh,2,4,big,high,1.0
231,unacc,vhigh,vhigh,4,2,big,low,1.0
232,unacc,high,vhigh,3,2,small,med,1.0
233,acc,low,vhigh,3,4,big,high,1.0
234,unacc,low,high,3,2,big,med,1.0
235,unacc,low,vhigh,5more,2,small,low,1.0
236,unacc,low,low,5more,2,big,med,1.0
237,good,med,low,3,4,med,high,1.0
238,acc,low,high,4,4,small,high,1.0
239,acc,med,med,4,4,med,med,1.0
240,unacc,vhigh,low,2,2,small,low,1.0
241,acc,vhigh,low,4,4,med,med,1.0
242,acc,high,med,5more,4,med,med,1.0
243,acc,low,vhigh,4,4,big,med,1.0
244,unacc,high,med,2,more,med,low,1.0
245,acc,vhigh,med,2,4,small,high,1.0
246,unacc,high,high,2,more,med,med,1.0
247,unacc,high,med,2,2,med,low,1.0
248,unacc,high,vhigh,4,more,big,low,1.0
249,unacc,low,med,2,more,small,high,1.0
250,acc,vhigh,med,4,4,big,high,1.0
251,good,med,low,4,more,small,high,1.0
252,unacc,vhigh,vhigh,5more,more,big,low,1.0
253,unacc,vhigh,high,5more,more,small,low,1.0
254,vgood,med,med,2,more,big,high,1.0
255,acc,high,high,5more,more,big,med,0.5
256,unacc,med,high,2,more,big,low,1.0
257,acc,high,low,4,4,big,med,1.0
258,unacc,vhigh,low,2,2,small,med,1.0
259,unacc,vhigh,vhigh,5more,4,small,high,1.0
260,unacc,med,vhigh,3,2,small,high,1.0
261,unacc,low,med,2,more,small,med,1.0
262,acc,vhigh,low,3,more,big,high,1.0
263,unacc,vhigh,vhigh,3,4,small,med,1.0
264,unacc,high,vhigh,2,more,small,high,1.0
265,unacc,low,vhigh,3,2,med,med,1.0
266,unacc,high,vhigh,3,more,big,med,1.0
267,unacc,vhigh,low,2,4,small,low,1.0
268,acc,med,high,5more,4,med,med,1.0
269,good,low,med,4,4,med,med,1.0
270,acc,med,med,5more,more,small,med,1.0
271,unacc,high,vhigh,3,2,med,low,1.0
272,unacc,vhigh,med,5more,more,small,med,1.0
273,vgood,med,low,4,more,big,high,1.0
274,unacc,vhigh,vhigh,4,2,big,med,1.0
275,unacc,vhigh,vhigh,2,4,med,low,0.75
276,unacc,med,med,3,2,small,low,1.0
277,acc,high,med,5more,more,small,high,1.0
278,unacc,high,high,2,2,med,high,1.0
279,unacc,vhigh,low,4,2,med,med,1.0
280,acc,vhigh,vhigh,3,2,small,low,0.25
281,unacc,high,vhigh,3,more,small,high,1.0
282,unacc,low,low,3,2,small,med,1.0
283,unacc,high,high,2,2,small,low,1.0
284,unacc,med,high,2,4,med,med,1.0
285,good,low,med,5more,more,big,med,1.0
286,unacc,low,low,4,more,med,low,1.0
287,acc,med,low,2,more,med,med,1.0
288,unacc,med,low,4,2,small,med,1.0
289,acc,vhigh,low,3,4,big,med,1.0
290,acc,vhigh,vhigh,3,2,med,low,0.25
291,unacc,low,med,4,2,med,med,1.0
292,unacc,high,vhigh,5more,2,small,med,1.0
293,unacc,low,med,4,2,med,low,1.0
294,unacc,low,low,2,2,small,high,1.0
295,unacc,vhigh,low,4,4,big,low,1.0
296,unacc,high,low,4,4,small,low,1.0
297,unacc,vhigh,med,3,4,med,low,1.0
298,unacc,high,med,2,4,big,low,1.0
299,acc,high,low,2,more,med,high,1.0
300,unacc,high,vhigh,4,4,big,low,1.0
301,acc,vhigh,vhigh,2,2,small,high,0.6666666666666666
302,unacc,vhigh,vhigh,5more,more,med,low,1.0
303,unacc,low,low,4,2,big,low,1.0
304,unacc,high,high,2,4,big,high,0.5
305,unacc,vhigh,high,4,2,med,low,1.0
306,vgood,low,low,3,more,big,high,1.0
307,unacc,high,med,5more,2,small,high,1.0
308,acc,low,low,5more,4,small,med,1.0
309,unacc,high,high,5more,4,med,low,1.0
310,unacc,med,low,5more,more,small,low,1.0
311,unacc,med,low,2,4,med,low,1.0
312,vgood,low,low,3,more,med,high,1.0
313,unacc,vhigh,low,5more,4,med,low,1.0
314,unacc,high,vhigh,5more,more,small,low,1.0
315,unacc,low,med,3,4,med,low,1.0
316,acc,high,med,2,4,big,high,1.0
317,acc,high,med,4,4,med,med,1.0
318,acc,high,high,2,more,big,med,0.5
319,unacc,med,low,4,4,small,low,1.0
320,acc,high,med,4,more,med,high,1.0
321,unacc,vhigh,low,4,2,small,low,1.0
322,unacc,med,high,3,2,big,high,1.0
323,unacc,low,vhigh,5more,4,small,med,1.0
324,unacc,med,low,5more,2,med,high,1.0
325,unacc,med,vhigh,2,more,small,low,1.0
326,unacc,high,high,2,more,med,high,0.5
327,vgood,med,med,3,more,big,high,1.0
328,unacc,vhigh,high,4,more,big,low,1.0
329,unacc,high,med,5more,2,small,med,1.0
330,unacc,high,med,3,2,med,low,1.0
331,unacc,low,low,4,2,med,low,1.0
332,acc,high,low,5more,more,med,med,1.0
333,unacc,med,high,2,2,small,low,1.0
334,vgood,low,high,2,4,big,high,1.0
335,acc,vhigh,vhigh,2,4,big,low,0.25
336,acc,vhigh,vhigh,2,more,big,med,0.25
337,unacc,vhigh,vhigh,2,4,small,med,0.75
338,unacc,vhigh,vhigh,2,more,big,med,0.75
339,vgood,low,low,4,4,med,high,1.0
340,unacc,med,high,2,more,small,high,1.0
341,unacc,vhigh,high,4,4,big,low,1.0
342,unacc,high,med,4,2,med,low,1.0
343,acc,vhigh,low,3,more,med,high,1.0
344,unacc,low,low,4,2,small,low,1.0
345,unacc,vhigh,high,4,2,med,high,1.0
346,unacc,low,high,2,2,small,med,1.0
347,unacc,vhigh,med,3,2,small,high,1.0
348,unacc,vhigh,high,5more,2,big,med,1.0
349,unacc,med,high,5more,2,big,med,1.0
350,unacc,high,high,3,more,small,low,1.0
351,unacc,vhigh,vhigh,4,4,med,med,1.0
352,unacc,high,low,4,more,small,low,1.0
353,acc,high,high,5more,4,med,high,0.5
354,unacc,med,vhigh,2,more,med,low,1.0
355,vgood,low,high,3,more,big,high,1.0
356,unacc,vhigh,low,4,2,med,low,1.0
357,unacc,med,high,2,more,small,med,1.0
358,unacc,vhigh,low,5more,2,small,med,1.0
359,unacc,low,med,4,2,big,high,1.0
360,acc,med,med,5more,more,med,med,1.0
361,unacc,high,vhigh,3,4,big,low,1.0
362,unacc,high,med,3,2,big,high,1.0
363,unacc,high,high,3,more,med,high,0.5
364,unacc,high,high,2,4,med,low,1.0
365,unacc,low,vhigh,2,2,med,high,1.0
366,unacc,high,vhigh,2,2,med,med,1.0
367,unacc,vhigh,vhigh,2,2,med,high,0.6666666666666666
368,unacc,vhigh,vhigh,4,4,small,med,1.0
369,good,low,low,5more,4,big,med,1.0
370,unacc,high,vhigh,3,4,big,med,1.0
371,unacc,vhigh,high,3,more,small,high,1.0
372,unacc,med,low,2,2,big,high,1.0
373,good,med,low,3,4,small,high,1.0
374,unacc,high,high,4,4,med,med,0.5
375,unacc,vhigh,vhigh,2,2,small,med,0.3333333333333333
376,acc,med,high,4,4,med,high,1.0
377,unacc,high,high,4,2,med,med,1.0
378,acc,high,low,3,more,big,high,1.0
379,acc,high,high,5more,4,big,high,0.5
380,unacc,vhigh,med,4,2,big,high,1.0
381,unacc,med,low,4,2,big,low,1.0
382,acc,high,high,2,4,small,high,0.5
383,unacc,vhigh,low,2,more,med,low,1.0
384,unacc,med,vhigh,2,2,med,med,1.0
385,acc,high,high,3,4,big,high,0.5
386,unacc,med,vhigh,2,more,small,high,1.0
387,unacc,high,vhigh,4,4,med,med,1.0
388,acc,vhigh,med,4,more,small,high,1.0
389,unacc,low,med,2,2,med,high,1.0
390,unacc,med,high,3,2,med,high,1.0
391,unacc,med,vhigh,3,4,med,med,1.0
392,acc,low,high,2,more,med,med,1.0
393,unacc,med,med,3,2,big,med,1.0
394,vgood,low,high,4,4,big,high,1.0
395,unacc,high,high,5more,4,med,med,0.5
396,unacc,high,med,4,2,big,high,1.0
397,unacc,med,low,4,4,big,low,1.0
398,unacc,med,vhigh,2,2,med,high,1.0
399,unacc,high,med,3,more,med,low,1.0
400,vgood,low,low,5more,4,med,high,1.0
401,unacc,high,low,5more,more,med,low,1.0
402,acc,high,high,4,4,med,med,0.5
403,unacc,high,vhigh,3,4,med,low,1.0
404,unacc,med,vhigh,5more,2,small,low,1.0
405,unacc,vhigh,med,3,more,med,low,1.0
406,unacc,vhigh,high,3,2,med,high,1.0
407,acc,high,low,4,4,med,med,1.0
408,acc,vhigh,low,5more,more,big,med,1.0
409,unacc,vhigh,high,2,2,small,low,1.0
410,unacc,low,high,5more,4,med,low,1.0
411,unacc,high,low,3,2,small,low,1.0
412,unacc,high,high,3,2,small,low,1.0
413,acc,low,high,2,4,med,high,1.0
414,unacc,high,vhigh,4,2,big,med,1.0
415,acc,vhigh,vhigh,2,2,small,low,0.6666666666666666
416,unacc,high,vhigh,2,4,med,low,1.0
417,acc,vhigh,vhigh,2,4,med,low,0.25
418,unacc,low,med,5more,2,med,med,1.0
419,unacc,low,med,3,2,med,low,1.0
420,unacc,high,vhigh,3,4,small,low,1.0
421,unacc,low,high,2,2,med,high,1.0
422,acc,vhigh,med,5more,more,small,high,1.0
423,unacc,med,vhigh,3,2,big,high,1.0
424,acc,high,med,5more,more,med,high,1.0
425,acc,vhigh,vhigh,2,more,big,low,0.25
426,acc,high,low,4,more,big,med,1.0
427,good,low,med,2,4,big,med,1.0
428,unacc,high,med,3,2,small,high,1.0
429,unacc,med,med,5more,4,small,low,1.0
430,unacc,high,vhigh,2,2,small,low,1.0
431,unacc,high,vhigh,4,more,med,high,1.0
432,unacc,high,high,5more,more,med,low,1.0
433,vgood,low,high,5more,more,med,high,1.0
434,acc,low,high,2,4,big,med,1.0
435,acc,low,vhigh,4,more,med,med,1.0
436,unacc,vhigh,low,2,more,small,med,1.0
437,good,low,low,4,more,small,high,1.0
438,vgood,low,low,2,more,big,high,1.0
439,unacc,vhigh,vhigh,3,more,med,low,1.0
440,unacc,med,vhigh,4,more,small,med,1.0
441,unacc,med,high,4,more,med,low,1.0
442,good,low,low,2,4,big,med,1.0
443,unacc,vhigh,high,2,2,big,low,1.0
444,unacc,vhigh,vhigh,4,4,big,high,1.0
445,unacc,low,med,3,4,small,low,1.0
446,unacc,vhigh,low,3,more,med,low,1.0
447,acc,high,med,4,more,small,high,1.0
448,unacc,low,low,3,2,med,low,1.0
449,unacc,low,high,5more,2,med,high,1.0
450,acc,vhigh,vhigh,2,4,small,high,0.25
451,unacc,low,med,5more,2,small,high,1.0
452,acc,vhigh,vhigh,2,more,big,high,0.25
453,unacc,med,high,4,2,med,med,1.0
454,unacc,vhigh,low,4,more,big,low,1.0
455,acc,med,high,5more,more,med,high,1.0
456,unacc,vhigh,vhigh,5more,2,med,med,1.0
457,unacc,high,vhigh,4,2,med,high,1.0
458,good,med,low,4,4,small,high,1.0
459,unacc,med,high,3,4,med,low,1.0
460,unacc,high,high,3,4,med,med,1.0
461,acc,med,med,3,4,big,med,1.0
462,unacc,vhigh,high,2,4,med,low,1.0
463,unacc,med,high,3,4,med,med,1.0
464,unacc,vhigh,high,4,4,small,low,1.0
465,unacc,low,med,3,more,med,low,1.0
466,vgood,med,low,5more,4,big,high,1.0
467,unacc,vhigh,med,3,2,med,low,1.0
468,unacc,med,med,3,2,med,high,1.0
469,unacc,med,vhigh,3,2,med,high,1.0
470,acc,high,high,4,4,big,med,0.5
471,unacc,vhigh,low,5more,more,small,low,1.0
472,unacc,med,med,4,2,big,med,1.0
473,unacc,vhigh,vhigh,3,4,big,med,1.0
474,good,low,low,5more,more,med,med,1.0
475,unacc,vhigh,high,4,4,med,high,1.0
476,unacc,high,med,4,2,small,high,1.0
477,good,low,low,3,4,small,high,1.0
478,acc,vhigh,med,3,4,big,med,1.0
479,unacc,low,low,4,4,small,low,1.0
480,unacc,med,med,3,more,small,low,1.0
481,unacc,high,low,2,2,big,low,1.0
482,acc,med,vhigh,4,more,med,med,1.0
483,unacc,low,med,5more,4,med,low,1.0
484,unacc,vhigh,high,2,4,small,low,1.0
485,unacc,high,low,3,4,small,low,1.0
486,good,med,low,5more,4,big,med,1.0
487,unacc,vhigh,low,4,2,big,med,1.0
488,unacc,low,med,5more,2,med,high,1.0
489,acc,high,med,5more,more,big,med,1.0
490,vgood,med,med,4,more,big,high,1.0
491,acc,high,med,5more,more,med,med,1.0
492,unacc,high,vhigh,2,2,big,med,1.0
493,unacc,low,high,2,more,small,med,1.0
494,unacc,high,high,4,2,big,low,1.0
495,good,low,low,4,more,med,med,1.0
496,unacc,med,low,3,2,big,low,1.0
497,acc,med,med,2,4,big,med,1.0
498,unacc,vhigh,low,2,more,small,high,1.0
499,unacc,med,vhigh,5more,4,small,med,1.0
500,acc,low,vhigh,5more,more,med,med,1.0
501,unacc,high,low,5more,2,med,high,1.0
502,unacc,vhigh,high,4,more,small,high,1.0
503,unacc,high,low,3,more,big,low,1.0
504,unacc,vhigh,vhigh,2,4,small,high,0.75
505,vgood,med,low,4,more,med,high,1.0
506,unacc,low,vhigh,2,more,small,med,1.0
507,unacc,low,vhigh,3,more,med,low,1.0
508,unacc,vhigh,high,2,4,small,med,1.0
509,unacc,vhigh,vhigh,5more,4,med,low,1.0
510,unacc,low,vhigh,4,2,med,med,1.0
511,unacc,high,high,4,2,small,high,1.0
512,unacc,vhigh,high,3,more,big,high,1.0
513,acc,med,med,3,4,med,high,1.0
514,unacc,high,vhigh,4,2,big,low,1.0
515,vgood,low,high,3,more,med,high,1.0
516,unacc,low,low,3,2,big,high,1.0
517,unacc,med,high,5more,more,small,med,1.0
518,unacc,vhigh,vhigh,2,more,med,low,0.75
519,vgood,low,high,5more,4,med,high,1.0
520,unacc,med,low,3,2,big,med,1.0
521,unacc,vhigh,vhigh,3,2,small,high,0.75
522,acc,med,high,4,more,small,high,1.0
523,unacc,low,vhigh,4,more,small,med,1.0
524,unacc,med,med,3,2,big,low,1.0
525,unacc,low,high,3,4,med,low,1.0
526,acc,low,high,5more,4,big,med,1.0
527,unacc,high,med,4,2,small,low,1.0
528,acc,high,low,3,more,med,high,1.0
529,unacc,med,high,5more,2,med,med,1.0
530,acc,low,high,2,more,big,med,1.0
531,acc,vhigh,vhigh,2,more,small,med,0.25
532,acc,med,med,2,more,med,med,1.0
533,unacc,high,vhigh,5more,4,med,med,1.0
534,unacc,med,vhigh,4,more,big,low,1.0
535,unacc,vhigh,low,2,2,med,low,1.0
536,unacc,med,med,5more,more,med,low,1.0
537,unacc,high,vhigh,2,more,med,high,1.0
538,unacc,high,med,3,more,small,low,1.0
539,unacc,low,high,2,2,big,med,1.0
540,good,low,med,5more,4,med,med,1.0
541,unacc,low,med,5more,2,med,low,1.0
542,unacc,low,high,4,4,small,low,1.0
543,vgood,med,low,3,more,big,high,1.0
544,unacc,high,vhigh,2,2,small,med,1.0
545,acc,vhigh,med,4,4,small,high,1.0
546,unacc,low,vhigh,2,2,big,med,1.0
547,unacc,high,vhigh,2,4,big,med,1.0
548,unacc,med,high,5more,2,big,low,1.0
549,unacc,high,low,4,2,med,med,1.0
550,acc,vhigh,vhigh,2,2,med,high,0.3333333333333333
551,unacc,high,high,5more,2,big,high,1.0
552,unacc,high,med,2,4,med,med,1.0
553,unacc,med,low,3,4,med,low,1.0
554,vgood,low,med,2,4,big,high,1.0
555,unacc,high,high,2,more,small,low,1.0
556,acc,med,high,4,4,small,high,1.0
557,unacc,vhigh,high,2,more,med,low,1.0
558,acc,high,high,4,more,med,med,0.5
559,unacc,high,vhigh,3,2,big,med,1.0
560,acc,med,vhigh,5more,more,med,med,1.0
561,unacc,med,vhigh,4,4,small,med,1.0
562,unacc,high,low,3,2,big,high,1.0
563,vgood,med,low,5more,more,big,high,1.0
564,unacc,vhigh,high,2,2,big,high,1.0
565,unacc,med,med,4,2,med,low,1.0
566,unacc,high,low,5more,2,med,med,1.0
567,acc,low,vhigh,2,more,big,med,1.0
568,unacc,low,high,2,4,med,low,1.0
569,acc,vhigh,med,4,more,big,high,1.0
570,unacc,vhigh,high,5more,more,small,high,1.0
571,unacc,vhigh,med,2,more,big,low,1.0
572,unacc,low,vhigh,3,4,small,med,1.0
573,acc,high,high,3,more,big,med,0.5
574,unacc,vhigh,med,2,4,big,low,1.0
575,vgood,low,high,5more,more,big,high,1.0
576,unacc,vhigh,low,3,2,small,low,1.0
577,unacc,med,high,4,2,small,high,1.0
578,good,low,med,2,more,big,med,1.0
579,unacc,med,low,4,2,big,med,1.0
580,unacc,med,vhigh,3,more,med,low,1.0
581,vgood,med,med,5more,more,big,high,1.0
582,unacc,vhigh,high,3,4,med,med,1.0
583,unacc,high,vhigh,3,4,med,med,1.0
584,unacc,low,low,2,2,big,low,1.0
585,acc,med,high,3,more,med,med,1.0
586,unacc,med,high,5more,more,big,low,1.0
587,unacc,vhigh,low,5more,2,big,low,1.0
588,unacc,high,high,5more,more,med,med,0.5
589,unacc,vhigh,high,4,more,med,med,1.0
590,unacc,med,vhigh,5more,more,small,low,1.0
591,unacc,vhigh,high,3,more,med,high,1.0
592,unacc,high,med,5more,2,med,low,1.0
593,acc,med,high,2,4,big,med,1.0
594,unacc,med,vhigh,4,4,small,low,1.0
595,unacc,vhigh,med,4,2,big,med,1.0
596,acc,vhigh,vhigh,2,4,small,med,0.25
597,acc,high,low,3,more,med,med,1.0
598,unacc,vhigh,high,4,2,small,med,1.0
599,acc,vhigh,med,5more,more,med,med,1.0
600,acc,high,low,4,more,med,high,1.0
601,acc,med,high,5more,4,small,high,1.0
602,unacc,low,med,4,2,big,low,1.0
603,unacc,low,vhigh,2,2,big,low,1.0
604,unacc,med,high,5more,more,med,low,1.0
605,good,low,med,4,more,small,high,1.0
606,unacc,high,vhigh,4,4,small,med,1.0
607,unacc,med,high,4,2,small,low,1.0
608,unacc,low,med,4,2,small,high,1.0
609,unacc,vhigh,high,2,more,big,high,1.0
610,unacc,high,high,4,more,big,high,0.5
611,unacc,low,med,5more,4,big,low,1.0
612,unacc,med,low,2,2,big,med,1.0
613,acc,med,vhigh,2,4,small,high,1.0
614,unacc,high,low,5more,more,small,med,1.0
615,unacc,med,med,5more,2,small,high,1.0
616,unacc,low,med,3,2,small,med,1.0
617,unacc,med,med,5more,more,big,low,1.0
618,unacc,vhigh,high,3,more,med,low,1.0
619,unacc,med,med,2,2,small,low,1.0
620,unacc,med,med,4,2,big,low,1.0
621,good,med,low,4,4,med,med,1.0
622,unacc,med,high,3,more,big,low,1.0
623,unacc,low,vhigh,4,2,big,low,1.0
624,unacc,low,med,3,2,big,med,1.0
625,acc,low,med,3,4,med,med,1.0
626,unacc,high,med,2,2,med,med,1.0
627,unacc,high,high,4,4,small,med,1.0
628,acc,med,high,5more,more,small,high,1.0
629,acc,low,high,3,more,small,high,1.0
630,unacc,high,med,5more,more,small,low,1.0
631,acc,vhigh,low,2,more,big,high,1.0
632,unacc,low,low,4,more,big,low,1.0
633,unacc,low,vhigh,4,4,small,med,1.0
634,good,med,low,5more,more,big,med,1.0
635,acc,low,vhigh,4,4,big,high,1.0
636,unacc,vhigh,med,4,2,med,high,1.0
637,unacc,low,low,4,2,big,med,1.0
638,good,low,med,3,4,big,med,1.0
639,unacc,low,med,2,more,big,low,1.0
640,unacc,high,low,2,more,small,high,1.0
641,unacc,vhigh,vhigh,3,2,med,low,0.75
642,unacc,low,low,5more,more,med,low,1.0
643,unacc,high,high,4,more,med,med,0.5
644,unacc,med,low,4,2,med,low,1.0
645,unacc,vhigh,high,5more,2,big,high,1.0
646,acc,med,vhigh,2,more,big,med,1.0
647,unacc,low,high,4,2,big,low,1.0
648,unacc,high,vhigh,2,more,med,low,1.0
649,acc,low,vhigh,5more,4,big,high,1.0
650,acc,high,med,4,more,big,high,1.0
651,acc,low,high,2,4,small,high,1.0
652,unacc,high,low,5more,4,small,med,1.0
653,vgood,med,med,3,more,med,high,1.0
654,unacc,med,vhigh,2,2,med,low,1.0
655,unacc,med,vhigh,4,4,big,low,1.0
656,unacc,med,vhigh,2,2,big,low,1.0
657,unacc,high,high,4,more,med,high,0.5
658,vgood,low,med,5more,more,med,high,1.0
659,unacc,med,med,3,more,med,low,1.0
660,unacc,low,high,3,more,med,low,1.0
661,acc,high,med,2,more,big,high,1.0
662,acc,med,high,5more,4,med,high,1.0
663,acc,vhigh,low,5more,4,big,high,1.0
664,unacc,vhigh,med,3,more,small,med,1.0
665,unacc,low,vhigh,4,more,big,low,1.0
666,acc,med,high,5more,4,big,high,1.0
667,unacc,low,high,5more,2,med,low,1.0
668,acc,high,low,3,4,med,high,1.0
669,acc,vhigh,med,4,4,big,med,1.0
670,unacc,high,high,5more,2,big,low,1.0
671,acc,high,low,4,more,med,med,1.0
672,unacc,med,high,5more,2,small,med,1.0
673,good,low,low,5more,more,big,med,1.0
674,unacc,vhigh,high,5more,2,med,high,1.0
675,unacc,low,vhigh,4,2,big,high,1.0
676,good,med,low,3,more,big,med,1.0
677,unacc,med,med,2,2,small,high,1.0
678,unacc,high,vhigh,2,4,big,low,1.0
679,unacc,high,vhigh,5more,more,big,low,1.0
680,unacc,low,high,3,4,small,low,1.0
681,unacc,vhigh,high,5more,2,small,high,1.0
682,unacc,high,med,2,2,big,high,1.0
683,unacc,low,high,3,more,big,low,1.0
684,acc,med,med,3,more,med,med,1.0
685,acc,low,vhigh,2,more,med,high,1.0
686,acc,low,vhigh,3,4,big,med,1.0
687,unacc,high,vhigh,5more,2,med,high,1.0
688,acc,med,med,4,more,small,med,1.0
689,unacc,high,med,5more,2,big,med,1.0
690,unacc,med,vhigh,4,2,small,low,1.0
691,unacc,med,vhigh,3,more,small,med,1.0
692,unacc,vhigh,high,5more,4,big,high,1.0
693,unacc,low,low,2,2,small,med,1.0
694,unacc,high,low,5more,4,small,low,1.0
695,acc,low,vhigh,2,4,big,med,1.0
696,unacc,vhigh,vhigh,2,more,big,high,0.75
697,vgood,med,low,3,more,med,high,1.0
698,unacc,low,high,2,2,big,low,1.0
699,unacc,high,vhigh,3,2,med,med,1.0
700,unacc,low,vhigh,5more,more,small,med,1.0
701,acc,high,low,5more,4,med,high,1.0
702,unacc,med,high,3,more,small,med,1.0
703,vgood,low,low,2,4,big,high,1.0
704,unacc,low,med,3,2,big,high,1.0
705,unacc,vhigh,med,2,more,small,high,1.0
706,acc,low,high,3,more,small,med,1.0
707,acc,high,high,3,4,med,high,0.5
708,unacc,med,high,5more,2,med,low,1.0
709,good,low,med,3,4,small,high,1.0
710,unacc,vhigh,low,4,2,small,med,1.0
711,unacc,low,high,5more,2,small,low,1.0
712,unacc,med,high,4,more,small,med,1.0
713,good,low,low,5more,4,small,high,1.0
714,unacc,high,high,2,2,med,med,1.0
715,acc,high,med,5more,4,big,med,1.0
716,unacc,vhigh,med,4,2,med,med,1.0
717,unacc,high,med,3,2,big,med,1.0
718,unacc,med,low,2,2,med,high,1.0
719,acc,med,vhigh,4,4,med,med,1.0
720,unacc,vhigh,vhigh,5more,more,med,med,1.0
721,unacc,low,vhigh,5more,2,big,low,1.0
722,unacc,low,high,2,more,med,low,1.0
723,unacc,high,med,2,2,small,high,1.0
724,unacc,med,med,4,4,small,low,1.0
725,unacc,high,med,5more,2,big,low,1.0
726,unacc,med,low,2,4,small,low,1.0
727,unacc,vhigh,vhigh,2,more,small,med,0.75
728,acc,low,vhigh,3,4,small,high,1.0
729,acc,low,vhigh,5more,4,small,high,1.0
730,good,low,med,5more,more,med,med,1.0
731,unacc,vhigh,med,3,4,big,low,1.0
732,unacc,vhigh,vhigh,3,4,med,low,1.0
733,unacc,low,high,2,2,small,high,1.0
734,unacc,high,high,5more,2,small,high,1.0
735,acc,low,vhigh,4,4,small,high,1.0
736,unacc,low,med,5more,2,big,low,1.0
737,unacc,med,high,4,4,small,med,1.0
738,unacc,low,low,4,2,small,high,1.0
739,unacc,low,low,5more,more,big,low,1.0
740,unacc,high,med,2,2,small,med,1.0
741,acc,med,vhigh,2,more,big,high,1.0
742,vgood,low,med,3,more,big,high,1.0
743,unacc,low,vhigh,3,more,small,med,1.0
744,unacc,high,high,2,more,small,med,1.0
745,unacc,high,high,3,2,big,high,1.0
746,unacc,med,vhigh,5more,more,small,med,1.0
747,unacc,high,low,2,2,med,low,1.0
748,unacc,high,vhigh,2,2,med,high,1.0
749,acc,vhigh,low,3,more,big,med,1.0
750,unacc,low,high,2,4,big,low,1.0
751,unacc,med,low,4,4,med,low,1.0
752,unacc,high,low,2,2,small,low,1.0
753,unacc,high,high,2,4,small,low,1.0
754,unacc,high,med,5more,more,big,low,1.0
755,unacc,vhigh,vhigh,2,2,small,high,0.3333333333333333
756,acc,low,high,3,more,big,med,1.0
757,unacc,high,high,2,4,big,low,1.0
758,unacc,high,vhigh,3,more,big,low,1.0
759,unacc,high,vhigh,4,more,small,med,1.0
760,unacc,low,low,2,4,med,low,1.0
761,unacc,low,vhigh,2,2,small,high,1.0
762,unacc,high,vhigh,3,4,small,high,1.0
763,unacc,vhigh,high,3,2,small,high,1.0
764,unacc,low,high,4,2,med,high,1.0
765,unacc,med,low,4,2,small,low,1.0
766,unacc,vhigh,med,2,2,big,med,1.0
767,unacc,high,low,2,2,big,med,1.0
768,unacc,low,low,3,2,big,low,1.0
769,unacc,vhigh,vhigh,3,4,small,high,1.0
770,acc,low,low,3,more,small,med,1.0
771,acc,med,high,3,4,big,high,1.0
772,unacc,high,high,5more,2,med,med,1.0
773,unacc,high,low,5more,4,big,low,1.0
774,unacc,high,vhigh,4,2,small,high,1.0
775,unacc,high,vhigh,5more,more,med,low,1.0
776,unacc,low,high,4,2,med,med,1.0
777,unacc,high,vhigh,4,more,big,med,1.0
778,unacc,med,low,2,more,big,low,1.0
779,unacc,med,med,3,2,med,low,1.0
780,unacc,low,vhigh,2,2,small,low,1.0
781,unacc,high,vhigh,3,4,med,high,1.0
782,unacc,med,high,4,more,small,low,1.0
783,acc,med,med,4,4,big,med,1.0
784,acc,med,vhigh,4,4,small,high,1.0
785,acc,med,vhigh,3,more,med,med,1.0
786,acc,high,high,3,more,med,high,0.5
787,good,low,med,4,4,small,high,1.0
788,unacc,med,med,5more,2,big,low,1.0
789,acc,med,vhigh,4,4,med,high,1.0
790,unacc,vhigh,high,4,more,big,med,1.0
791,vgood,low,low,5more,more,med,high,1.0
792,acc,high,high,2,4,big,med,0.5
793,acc,high,low,3,4,big,med,1.0
794,acc,low,high,5more,more,small,high,1.0
795,unacc,low,vhigh,3,2,med,low,1.0
796,unacc,vhigh,low,5more,2,small,high,1.0
797,unacc,med,high,2,2,med,med,1.0
798,acc,med,low,2,4,small,med,1.0
799,unacc,high,vhigh,4,2,med,med,1.0
800,acc,low,high,5more,4,med,med,1.0
801,unacc,high,high,4,4,big,high,0.5
802,good,low,low,4,4,small,high,1.0
803,unacc,vhigh,med,4,more,big,low,1.0
804,unacc,low,vhigh,2,2,med,low,1.0
805,unacc,low,high,2,more,big,low,1.0
806,unacc,low,low,4,2,small,med,1.0
807,acc,high,low,2,4,big,high,1.0
808,unacc,low,low,2,more,med,low,1.0
809,unacc,high,low,5more,2,big,high,1.0
810,unacc,vhigh,vhigh,2,more,big,low,0.75
811,unacc,high,vhigh,4,2,small,med,1.0
812,unacc,vhigh,high,2,more,small,low,1.0
813,unacc,high,med,3,more,small,med,1.0
814,unacc,low,low,3,2,small,high,1.0
815,unacc,low,high,5more,2,small,med,1.0
816,unacc,high,vhigh,4,more,small,high,1.0
817,acc,low,low,3,4,med,med,1.0
818,unacc,vhigh,low,2,2,small,high,1.0
819,unacc,med,high,2,more,med,low,1.0
820,unacc,vhigh,low,2,2,big,high,1.0
821,unacc,high,low,3,more,small,med,1.0
822,unacc,low,vhigh,3,4,med,med,1.0
823,unacc,med,vhigh,3,2,small,low,1.0
824,unacc,high,low,3,2,small,med,1.0
825,good,med,low,3,more,med,med,1.0
826,unacc,high,vhigh,3,4,big,high,1.0
827,acc,high,high,5more,4,med,med,0.5
828,unacc,med,high,4,2,med,high,1.0
829,unacc,vhigh,high,2,4,med,high,1.0
830,acc,high,low,5more,4,small,high,1.0
831,unacc,med,low,5more,2,small,med,1.0
832,unacc,med,low,2,2,small,high,1.0
833,unacc,vhigh,med,3,2,med,med,1.0
834,unacc,vhigh,vhigh,2,2,big,low,0.75
835,unacc,high,vhigh,2,4,big,high,1.0
836,unacc,high,vhigh,4,2,med,low,1.0
837,unacc,med,low,3,more,small,low,1.0
838,acc,med,high,3,more,big,med,1.0
839,acc,med,vhigh,2,more,med,high,1.0
840,unacc,med,low,2,more,small,med,1.0
841,unacc,vhigh,med,4,2,small,low,1.0
842,unacc,med,med,4,2,small,high,1.0
843,unacc,low,low,2,2,big,high,1.0
844,unacc,high,vhigh,3,more,med,high,1.0
845,unacc,vhigh,high,2,4,med,med,1.0
846,acc,vhigh,med,2,4,med,high,1.0
847,unacc,vhigh,med,4,4,med,low,1.0
848,vgood,med,low,2,more,big,high,1.0
849,acc,vhigh,low,2,4,small,high,1.0
850,unacc,vhigh,low,5more,2,big,high,1.0
851,unacc,med,med,3,2,small,med,1.0
852,unacc,vhigh,high,2,4,big,med,1.0
853,unacc,vhigh,med,4,4,big,low,1.0
854,unacc,vhigh,vhigh,3,more,med,med,1.0
855,unacc,vhigh,high,3,more,big,med,1.0
856,acc,med,med,2,more,big,med,1.0
857,unacc,high,vhigh,3,more,med,med,1.0
858,unacc,low,med,2,2,med,med,1.0
859,unacc,vhigh,med,3,2,big,med,1.0
860,acc,med,high,4,4,big,med,1.0
861,unacc,vhigh,med,4,2,small,med,1.0
862,unacc,med,med,2,2,med,low,1.0
863,unacc,vhigh,low,4,2,big,low,1.0
864,good,low,med,3,4,med,high,1.0
865,acc,low,vhigh,5more,more,big,high,1.0
866,acc,vhigh,med,5more,4,med,med,1.0
867,unacc,high,med,2,2,big,low,1.0
868,unacc,low,high,4,2,big,med,1.0
869,good,med,low,5more,4,med,med,1.0
870,good,med,low,5more,4,small,high,1.0
871,unacc,med,high,3,4,big,low,1.0
872,unacc,high,med,2,2,med,high,1.0
873,unacc,vhigh,med,2,more,med,low,1.0
874,acc,low,med,2,4,med,med,1.0
875,unacc,med,med,5more,4,med,low,1.0
876,unacc,vhigh,vhigh,2,2,med,med,0.6666666666666666
877,acc,high,low,5more,more,big,med,1.0
878,unacc,high,high,4,4,med,high,0.5
879,acc,vhigh,med,3,more,big,high,1.0
880,good,low,med,2,4,med,high,1.0
881,unacc,high,vhigh,2,more,big,med,1.0
882,unacc,vhigh,vhigh,4,more,big,med,1.0
883,unacc,high,med,4,more,small,low,1.0
884,unacc,high,low,5more,2,med,low,1.0
885,acc,med,low,3,4,med,med,1.0
886,unacc,vhigh,high,4,2,med,med,1.0
887,acc,low,vhigh,3,4,med,high,1.0
888,acc,med,high,2,4,small,high,1.0
889,acc,high,med,3,4,big,high,1.0
890,unacc,med,vhigh,2,more,small,med,1.0
891,unacc,low,vhigh,5more,4,small,low,1.0
892,unacc,vhigh,vhigh,4,4,med,high,1.0
893,unacc,vhigh,low,3,2,small,high,1.0
894,unacc,low,low,5more,2,med,high,1.0
895,acc,vhigh,low,4,more,med,high,1.0
896,unacc,high,vhigh,2,more,big,high,1.0
897,unacc,vhigh,high,5more,more,big,low,1.0
898,good,low,low,5more,more,small,high,1.0
899,unacc,med,high,4,2,med,low,1.0
900,unacc,high,low,4,more,med,low,1.0
901,acc,high,low,4,more,small,high,1.0
902,unacc,low,vhigh,3,2,small,low,1.0
903,unacc,med,med,2,more,med,low,1.0
904,acc,high,med,3,4,big,med,1.0
905,unacc,med,vhigh,5more,more,med,low,1.0
906,unacc,med,low,3,2,med,med,1.0
907,good,low,low,2,4,med,high,1.0
908,unacc,vhigh,vhigh,4,2,med,med,1.0
909,acc,med,med,4,more,med,med,1.0
910,unacc,med,vhigh,2,2,small,med,1.0
911,unacc,vhigh,vhigh,3,more,small,med,1.0
912,unacc,vhigh,high,3,2,big,med,1.0
913,unacc,vhigh,med,4,2,med,low,1.0
914,acc,med,high,2,4,med,high,1.0
915,unacc,high,low,3,2,big,med,1.0
916,vgood,med,low,4,4,med,high,1.0
917,unacc,vhigh,vhigh,3,4,med,high,1.0
918,unacc,vhigh,vhigh,2,2,small,low,0.3333333333333333
919,unacc,high,med,2,4,small,med,1.0
920,vgood,low,med,5more,4,big,high,1.0
921,unacc,high,vhigh,3,2,big,high,1.0
922,unacc,low,med,3,4,big,low,1.0
923,acc,vhigh,med,2,4,big,high,1.0
924,acc,vhigh,vhigh,2,more,small,high,0.25
925,unacc,high,vhigh,2,more,small,low,1.0
926,unacc,high,med,2,4,med,low,1.0
927,unacc,vhigh,med,2,2,med,high,1.0
928,unacc,vhigh,low,5more,2,small,low,1.0
929,acc,low,vhigh,3,more,big,high,1.0
930,acc,vhigh,med,5more,4,med,high,1.0
931,unacc,high,high,5more,2,med,low,1.0
932,unacc,med,low,5more,4,small,low,1.0
933,unacc,vhigh,vhigh,5more,4,big,low,1.0
934,acc,med,med,5more,4,med,med,1.0
935,good,low,low,3,4,big,med,1.0
936,unacc,vhigh,med,3,more,big,low,1.0
937,good,low,low,4,4,med,med,1.0
938,unacc,high,vhigh,3,more,small,low,1.0
939,unacc,high,med,3,2,small,low,1.0
940,unacc,low,low,5more,2,small,high,1.0
941,unacc,med,high,3,2,small,med,1.0
942,acc,vhigh,med,4,more,med,high,1.0
943,acc,high,low,5more,more,big,high,1.0
944,unacc,med,high,4,2,small,med,1.0
945,acc,vhigh,med,4,more,big,med,1.0
946,unacc,med,low,4,more,small,low,1.0
947,vgood,low,high,3,4,big,high,1.0
948,unacc,vhigh,high,4,2,big,high,1.0
949,acc,low,med,5more,more,small,med,1.0
950,unacc,low,low,2,more,small,med,1.0
951,acc,med,med,3,more,small,med,1.0
952,acc,med,high,3,more,med,high,1.0
953,unacc,low,vhigh,4,more,small,low,1.0
954,acc,vhigh,med,4,4,med,high,1.0
955,unacc,high,high,3,2,small,med,1.0
956,good,low,low,5more,4,med,med,1.0
957,unacc,low,high,2,2,med,low,1.0
958,good,low,low,3,more,small,high,1.0
959,unacc,low,high,2,2,small,low,1.0
960,unacc,high,high,3,more,big,high,0.5
961,vgood,med,low,2,4,big,high,1.0
962,unacc,vhigh,high,5more,more,big,high,1.0
963,unacc,high,low,2,2,med,high,1.0
964,unacc,low,low,2,4,big,low,1.0
965,unacc,low,low,2,more,small,high,1.0
966,unacc,low,vhigh,5more,2,small,high,1.0
967,acc,low,low,2,4,med,med,1.0
968,acc,low,high,4,more,small,med,1.0
969,unacc,high,vhigh,5more,2,med,low,1.0
970,vgood,med,low,5more,4,med,high,1.0
971,good,med,low,3,4,big,med,1.0
972,unacc,high,low,4,2,med,high,1.0
973,unacc,vhigh,low,3,4,med,low,1.0
974,unacc,low,vhigh,4,2,small,low,1.0
975,unacc,med,high,5more,2,small,low,1.0
976,unacc,high,high,2,4,med,med,1.0
977,good,med,low,4,more,big,med,1.0
978,unacc,high,high,2,2,small,high,1.0
979,vgood,low,med,4,4,big,high,1.0
980,unacc,high,high,3,2,big,low,1.0
981,unacc,med,vhigh,2,4,med,med,1.0
982,acc,med,vhigh,5more,more,small,high,1.0
983,unacc,vhigh,vhigh,3,2,big,med,1.0
984,acc,high,low,3,4,small,high,1.0
985,unacc,high,vhigh,5more,4,small,high,1.0
986,unacc,high,vhigh,5more,4,med,high,1.0
987,unacc,low,vhigh,5more,2,big,med,1.0
988,acc,high,med,3,4,small,high,1.0
989,unacc,low,low,5more,4,med,low,1.0
990,unacc,vhigh,vhigh,5more,2,big,med,1.0
991,unacc,vhigh,high,4,2,big,low,1.0
992,unacc,vhigh,high,3,2,med,low,1.0
993,unacc,low,high,4,2,small,med,1.0
994,unacc,high,vhigh,5more,4,big,med,1.0
995,acc,med,vhigh,2,4,med,high,1.0
996,unacc,vhigh,low,2,4,big,low,1.0
997,acc,low,low,2,4,small,med,1.0
998,acc,low,vhigh,2,4,small,high,1.0
999,unacc,high,vhigh,2,2,big,low,1.0
1000,unacc,high,vhigh,4,4,big,med,1.0
1001,acc,low,vhigh,3,more,small,high,1.0
1002,unacc,med,vhigh,5more,2,big,high,1.0
1003,unacc,low,high,4,more,big,low,1.0
1004,unacc,vhigh,high,2,4,big,high,1.0
1005,unacc,vhigh,vhigh,5more,2,med,low,1.0
1006,unacc,med,low,5more,more,big,low,1.0
1007,unacc,vhigh,vhigh,2,2,big,med,0.75
1008,acc,high,high,4,more,med,high,0.5
1009,unacc,low,vhigh,4,2,med,low,1.0
1010,unacc,high,high,5more,4,big,low,1.0
1011,acc,med,low,4,more,small,med,1.0
1012,unacc,high,high,4,2,small,low,1.0
1013,unacc,vhigh,vhigh,3,4,small,low,1.0
1014,unacc,med,med,5more,2,big,med,1.0
1015,unacc,high,low,2,more,small,low,1.0
1016,acc,med,high,3,4,small,high,1.0
1017,acc,med,med,5more,4,small,med,1.0
1018,acc,med,vhigh,4,more,med,high,1.0
1019,unacc,high,low,2,4,small,med,1.0
1020,unacc,high,high,4,2,small,med,1.0
1021,unacc,vhigh,med,4,4,small,med,1.0
1022,unacc,low,high,4,more,small,low,1.0
1023,unacc,med,vhigh,4,2,big,med,1.0
1024,unacc,med,vhigh,2,4,big,low,1.0
1025,unacc,vhigh,high,5more,4,small,high,1.0
1026,acc,high,med,4,more,big,med,1.0
1027,vgood,med,med,5more,4,big,high,1.0
1028,unacc,vhigh,vhigh,5more,4,big,high,1.0
1029,acc,vhigh,low,4,more,big,med,1.0
1030,unacc,vhigh,med,2,2,big,low,1.0
1031,unacc,med,high,2,more,med,med,1.0
1032,unacc,med,low,2,2,small,med,1.0
1033,acc,high,high,3,more,big,high,0.5
1034,good,low,med,5more,4,big,med,1.0
1035,vgood,low,low,3,4,big,high,1.0
1036,unacc,high,vhigh,5more,2,med,med,1.0
1037,unacc,high,vhigh,5more,4,med,low,1.0
1038,unacc,low,low,5more,more,small,low,1.0
1039,unacc,high,low,5more,2,small,med,1.0
1040,unacc,vhigh,high,3,more,med,med,1.0
1041,unacc,vhigh,med,4,more,small,low,1.0
1042,acc,med,high,3,more,small,high,1.0
1043,unacc,high,vhigh,5more,4,small,low,1.0
1044,unacc,high,high,5more,4,big,high,0.5
1045,unacc,vhigh,high,3,4,small,low,1.0
1046,unacc,high,high,5more,4,small,high,0.5
1047,unacc,med,med,2,4,med,low,1.0
1048,unacc,low,high,2,2,med,med,1.0
1049,unacc,vhigh,high,5more,4,med,med,1.0
1050,unacc,vhigh,vhigh,4,more,small,high,1.0
1051,unacc,low,high,4,2,small,low,1.0
1052,acc,low,low,5more,more,small,med,1.0
1053,unacc,med,high,2,2,small,high,1.0
1054,unacc,high,vhigh,5more,more,big,med,1.0
1055,vgood,med,med,4,more,med,high,1.0
1056,unacc,vhigh,low,2,4,small,med,1.0
1057,unacc,vhigh,med,4,2,big,low,1.0
1058,unacc,vhigh,low,3,2,big,med,1.0
1059,acc,low,low,2,more,med,med,1.0
1060,unacc,high,high,5more,4,small,med,1.0
1061,vgood,low,med,5more,4,med,high,1.0
1062,unacc,low,high,4,2,small,high,1.0
1063,unacc,vhigh,low,3,4,small,med,1.0
1064,unacc,high,vhigh,3,2,small,low,1.0
1065,unacc,med,vhigh,3,4,med,low,1.0
1066,unacc,low,high,3,2,big,low,1.0
1067,unacc,high,med,4,2,small,med,1.0
1068,unacc,low,vhigh,2,more,med,med,1.0
1069,unacc,high,vhigh,4,more,med,med,1.0
1070,unacc,vhigh,vhigh,5more,more,big,high,1.0
1071,unacc,low,med,4,more,med,low,1.0
1072,unacc,high,high,3,more,big,med,0.5
1073,unacc,high,vhigh,4,more,small,low,1.0
1074,unacc,med,med,2,4,small,low,1.0
1075,unacc,vhigh,high,2,more,big,med,1.0
1076,unacc,med,med,4,more,med,low,1.0
1077,unacc,high,vhigh,4,more,med,low,1.0
1078,unacc,med,med,4,2,big,high,1.0
1079,unacc,low,high,3,2,small,low,1.0
1080,unacc,low,high,3,2,big,high,1.0
1081,unacc,high,vhigh,3,2,big,low,1.0
1082,unacc,low,med,3,2,small,high,1.0
1083,unacc,vhigh,low,3,more,small,low,1.0
1084,unacc,med,vhigh,5more,2,med,med,1.0
1085,unacc,low,high,5more,more,big,low,1.0
1086,unacc,high,low,4,more,small,med,1.0
1087,unacc,high,vhigh,3,more,big,high,1.0
1088,acc,low,med,4,4,small,med,1.0
1089,unacc,med,high,4,4,small,low,1.0
1090,unacc,vhigh,med,5more,2,small,low,1.0
1091,acc,vhigh,low,4,4,med,high,1.0
1092,unacc,med,med,2,more,small,high,1.0
1093,acc,high,med,5more,4,big,high,1.0
1094,unacc,high,high,5more,more,small,med,1.0
1095,unacc,vhigh,high,4,2,small,high,1.0
1096,unacc,low,med,3,2,small,low,1.0
1097,unacc,vhigh,med,5more,2,big,med,1.0
1098,unacc,med,vhigh,5more,2,med,high,1.0
1099,unacc,low,med,2,2,small,low,1.0
1100,acc,vhigh,low,2,more,big,med,1.0
1101,good,low,med,4,more,big,med,1.0
1102,unacc,low,med,3,2,med,high,1.0
1103,unacc,med,vhigh,4,2,big,low,1.0
1104,acc,low,vhigh,2,4,med,high,1.0
1105,unacc,high,high,2,4,small,med,1.0
1106,unacc,high,vhigh,5more,more,med,high,1.0
1107,unacc,med,high,5more,2,small,high,1.0
1108,acc,med,high,3,4,big,med,1.0
1109,unacc,high,vhigh,2,more,small,med,1.0
1110,unacc,vhigh,vhigh,4,more,med,med,1.0
1111,unacc,vhigh,med,5more,more,med,low,1.0
1112,unacc,vhigh,vhigh,4,more,med,high,1.0
1113,acc,med,med,4,4,small,med,1.0
1114,unacc,low,low,4,2,med,high,1.0
1115,unacc,high,med,2,4,small,low,1.0
1116,unacc,vhigh,med,4,more,small,med,1.0
1117,unacc,vhigh,low,3,more,big,low,1.0
1118,unacc,med,vhigh,4,2,small,high,1.0
1119,acc,vhigh,med,5more,more,med,high,1.0
1120,acc,med,med,2,4,small,med,1.0
1121,unacc,high,high,3,more,small,high,0.5
1122,unacc,high,low,3,2,med,low,1.0
1123,acc,high,high,3,4,small,high,0.5
1124,unacc,low,med,2,more,med,low,1.0
1125,unacc,vhigh,vhigh,2,2,med,low,0.3333333333333333
1126,good,low,med,4,4,big,med,1.0
1127,acc,vhigh,low,5more,4,big,med,1.0
1128,acc,high,high,4,more,big,med,0.5
1129,unacc,low,high,4,more,med,low,1.0
1130,unacc,low,vhigh,4,2,big,med,1.0
1131,acc,low,high,3,4,med,med,1.0
1132,unacc,low,high,2,4,small,low,1.0
1133,unacc,vhigh,med,2,4,small,med,1.0
1134,unacc,vhigh,high,5more,4,small,low,1.0
1135,unacc,low,med,4,2,big,med,1.0
1136,unacc,med,vhigh,2,2,small,low,1.0
1137,acc,vhigh,low,2,4,big,high,1.0
1138,unacc,med,vhigh,4,more,small,low,1.0
1139,acc,med,vhigh,3,4,big,high,1.0
1140,unacc,vhigh,vhigh,3,2,med,high,0.75
1141,acc,high,low,5more,more,med,high,1.0
1142,acc,vhigh,vhigh,2,2,small,med,0.6666666666666666
1143,acc,med,vhigh,4,4,big,high,1.0
1144,unacc,vhigh,med,3,more,small,low,1.0
1145,acc,high,med,3,more,big,med,1.0
1146,unacc,vhigh,vhigh,3,more,big,low,1.0
1147,unacc,med,vhigh,2,2,big,high,1.0
1148,unacc,med,low,5more,2,small,high,1.0
1149,unacc,high,vhigh,5more,4,big,low,1.0
1150,acc,med,vhigh,4,more,small,high,1.0
1151,unacc,high,vhigh,3,more,med,low,1.0
1152,unacc,vhigh,low,4,more,med,low,1.0
1153,unacc,vhigh,vhigh,2,2,big,high,0.75
1154,unacc,low,med,3,more,small,low,1.0
1155,acc,vhigh,vhigh,2,2,med,low,0.6666666666666666
1156,unacc,vhigh,low,2,4,med,low,1.0
1157,acc,vhigh,low,3,more,small,high,1.0
1158,unacc,high,vhigh,2,4,small,low,1.0
1159,unacc,vhigh,med,5more,4,big,low,1.0
1160,unacc,low,med,5more,4,small,low,1.0
1161,acc,med,high,4,more,big,med,1.0
1162,unacc,high,high,3,2,big,med,1.0
1163,acc,low,high,4,4,big,med,1.0
1164,acc,vhigh,vhigh,2,more,med,high,0.25
1165,unacc,med,vhigh,3,2,small,med,1.0
1166,unacc,high,high,3,4,big,med,0.5
1167,unacc,med,low,2,more,small,low,1.0
1168,unacc,low,med,2,2,med,low,1.0
1169,vgood,med,med,5more,more,med,high,1.0
1170,unacc,high,vhigh,3,more,small,med,1.0
1171,unacc,vhigh,high,4,4,small,med,1.0
1172,vgood,low,med,5more,more,big,high,1.0
1173,acc,high,med,4,4,small,high,1.0
1174,unacc,med,med,2,2,big,med,1.0
1175,unacc,high,high,3,2,med,low,1.0
1176,unacc,low,low,4,2,big,high,1.0
1177,acc,vhigh,low,3,4,big,high,1.0
1178,unacc,med,low,3,2,small,high,1.0
1179,unacc,vhigh,med,2,2,big,high,1.0
1180,unacc,med,low,3,2,med,low,1.0
1181,unacc,med,vhigh,3,2,med,low,1.0
1182,acc,high,high,5more,4,big,med,0.5
1183,good,med,low,2,4,big,med,1.0
1184,unacc,med,low,3,2,small,low,1.0
1185,unacc,vhigh,vhigh,5more,2,small,med,1.0
1186,unacc,high,low,3,2,small,high,1.0
1187,unacc,med,vhigh,2,4,small,med,1.0
1188,unacc,high,med,5more,2,med,high,1.0
1189,acc,vhigh,low,2,4,big,med,1.0
1190,unacc,high,vhigh,2,4,small,med,1.0
1191,unacc,vhigh,vhigh,3,2,med,med,0.75
1192,acc,low,high,2,more,med,high,1.0
1193,unacc,low,vhigh,2,4,big,low,1.0
1194,acc,high,high,3,more,med,med,0.5
1195,unacc,high,med,4,2,big,med,1.0
1196,unacc,high,high,4,4,big,med,0.5
1197,unacc,vhigh,high,3,more,small,low,1.0
1198,unacc,high,vhigh,5more,2,big,high,1.0
1199,unacc,high,med,3,2,big,low,1.0
1200,unacc,high,vhigh,2,more,big,low,1.0
1201,unacc,low,high,2,more,small,low,1.0
1202,acc,high,high,4,4,med,high,0.5
1203,good,med,low,2,4,med,high,1.0
1204,unacc,high,high,3,2,med,med,1.0
1205,unacc,med,vhigh,4,4,med,low,1.0
1206,acc,high,med,4,4,big,med,1.0
1207,acc,med,med,2,4,med,med,1.0
1208,unacc,high,vhigh,5more,2,big,med,1.0
1209,unacc,med,high,5more,2,big,high,1.0
1210,unacc,med,low,2,4,big,low,1.0
1211,acc,high,high,3,4,big,med,0.5
1212,unacc,vhigh,med,5more,4,med,low,1.0
1213,unacc,high,low,3,2,med,high,1.0
1214,acc,high,med,4,more,med,med,1.0
1215,good,low,med,3,more,small,high,1.0
1216,acc,med,med,3,4,med,med,1.0
1217,acc,high,med,4,4,big,high,1.0
1218,acc,high,low,4,more,big,high,1.0
1219,unacc,low,vhigh,2,2,med,med,1.0
1220,acc,med,low,2,4,med,med,1.0
1221,unacc,med,low,4,more,big,low,1.0
1222,unacc,low,vhigh,5more,2,med,low,1.0
1223,unacc,low,high,5more,4,small,low,1.0
1224,acc,high,low,4,4,small,high,1.0
1225,unacc,high,low,4,2,small,med,1.0
1226,unacc,vhigh,vhigh,3,2,big,low,0.75
1227,unacc,med,high,4,4,big,low,1.0
1228,vgood,med,med,5more,4,med,high,1.0
1229,unacc,high,low,2,4,med,med,1.0
1230,acc,med,vhigh,4,more,big,high,1.0
1231,unacc,med,high,5more,more,small,low,1.0
1232,unacc,med,low,5more,4,med,low,1.0
1233,unacc,vhigh,med,3,2,small,med,1.0
1234,unacc,med,low,3,4,big,low,1.0
1235,acc,med,vhigh,3,4,small,high,1.0
1236,unacc,high,vhigh,5more,more,med,med,1.0
1237,unacc,high,high,5more,more,small,low,1.0
1238,vgood,med,low,4,4,big,high,1.0
1239,unacc,high,med,4,more,small,med,1.0
1240,unacc,med,med,4,more,big,low,1.0
1241,unacc,vhigh,vhigh,4,4,small,low,1.0
1242,unacc,vhigh,vhigh,4,more,big,high,1.0
1243,unacc,vhigh,vhigh,5more,4,med,med,1.0
1244,unacc,low,low,4,more,small,low,1.0
1245,unacc,vhigh,low,3,4,big,low,1.0
1246,acc,med,high,4,4,big,high,1.0
1247,unacc,high,low,4,4,med,low,1.0
1248,unacc,vhigh,vhigh,2,more,med,high,0.75
1249,unacc,med,high,2,2,med,low,1.0
1250,acc,med,low,3,4,small,med,1.0
1251,acc,vhigh,med,3,more,med,med,1.0
1252,acc,low,high,4,4,med,med,1.0
1253,unacc,vhigh,med,2,4,med,low,1.0
1254,unacc,low,vhigh,4,4,med,low,1.0
1255,unacc,vhigh,high,5more,4,med,low,1.0
1256,acc,vhigh,low,4,more,small,high,1.0
1257,unacc,high,low,3,4,med,med,1.0
1258,unacc,high,vhigh,5more,2,small,low,1.0
1259,unacc,low,med,5more,2,big,high,1.0
1260,unacc,med,high,3,4,small,med,1.0
1261,unacc,high,high,5more,2,med,high,1.0
1262,acc,vhigh,med,2,4,big,med,1.0
1263,unacc,vhigh,low,2,2,big,med,1.0
1264,acc,high,med,2,4,med,high,1.0
1265,unacc,vhigh,med,2,2,med,low,1.0
1266,unacc,low,med,2,4,med,low,1.0
1267,unacc,high,high,3,4,small,low,1.0
1268,unacc,high,high,5more,4,small,low,1.0
1269,unacc,high,low,3,2,big,low,1.0
1270,acc,vhigh,vhigh,2,2,big,med,0.25
1271,acc,high,med,4,4,med,high,1.0
1272,unacc,med,high,3,2,med,med,1.0
1273,unacc,vhigh,med,3,4,med,med,1.0
1274,unacc,vhigh,med,3,2,big,high,1.0
1275,acc,med,vhigh,3,4,med,high,1.0
1276,unacc,low,low,2,2,big,med,1.0
1277,vgood,med,med,4,4,big,high,1.0
1278,unacc,med,high,5more,4,small,med,1.0
1279,unacc,vhigh,med,2,more,small,med,1.0
1280,acc,med,high,2,more,med,high,1.0
1281,acc,high,low,2,4,med,high,1.0
1282,unacc,med,high,4,4,med,low,1.0
1283,acc,low,vhigh,5more,more,big,med,1.0
1284,good,low,low,3,more,med,med,1.0
1285,unacc,vhigh,med,4,4,small,low,1.0
1286,acc,low,vhigh,4,4,med,med,1.0
1287,unacc,med,med,2,4,big,low,1.0
1288,unacc,vhigh,med,5more,2,small,high,1.0
1289,unacc,high,high,3,more,big,low,1.0
1290,unacc,vhigh,low,4,4,small,med,1.0
1291,acc,med,vhigh,3,more,small,high,1.0
1292,acc,low,high,4,more,big,med,1.0
1293,acc,vhigh,med,4,4,med,med,1.0
1294,acc,med,med,3,4,small,high,1.0
1295,unacc,low,high,2,more,small,high,1.0
1296,acc,high,high,4,more,small,high,0.5
1297,acc,low,vhigh,3,more,big,med,1.0
1298,unacc,vhigh,low,4,more,small,med,1.0
1299,unacc,low,vhigh,5more,more,small,low,1.0
1300,acc,high,high,5more,more,med,high,0.5
1301,unacc,low,high,3,2,med,low,1.0
1302,acc,high,low,2,4,big,med,1.0
1303,unacc,vhigh,vhigh,2,more,small,low,0.75
1304,unacc,high,high,2,4,small,high,0.5
1305,unacc,med,high,2,4,big,low,1.0
1306,unacc,low,vhigh,3,2,med,high,1.0
1307,unacc,med,med,5more,2,med,med,1.0
1308,acc,low,med,4,more,small,med,1.0
1309,acc,vhigh,low,3,4,med,high,1.0
1310,good,med,low,4,more,med,med,1.0
1311,unacc,high,vhigh,3,2,small,high,1.0
1312,acc,vhigh,med,2,more,med,high,1.0
1313,unacc,low,vhigh,4,2,med,high,1.0
1314,unacc,vhigh,vhigh,5more,4,small,low,1.0
1315,unacc,vhigh,high,3,more,small,med,1.0
1316,unacc,med,med,2,more,small,low,1.0
1317,unacc,vhigh,med,2,4,med,med,1.0
1318,unacc,high,high,4,2,med,high,1.0
1319,unacc,vhigh,vhigh,5more,2,big,low,1.0
1320,unacc,med,med,3,2,med,med,1.0
1321,acc,low,med,5more,4,small,med,1.0
1322,unacc,vhigh,vhigh,5more,4,med,high,1.0
1323,unacc,vhigh,low,3,2,big,low,1.0
1324,unacc,vhigh,high,4,4,med,med,1.0
1325,unacc,vhigh,high,3,2,big,high,1.0
1326,unacc,vhigh,vhigh,2,more,med,med,0.75
1327,unacc,vhigh,med,2,4,small,low,1.0
1328,unacc,high,high,3,4,med,low,1.0
1329,unacc,vhigh,med,2,2,small,low,1.0
1330,unacc,high,vhigh,2,more,med,med,1.0
1331,good,low,med,3,more,big,med,1.0
1332,unacc,high,med,2,more,small,low,1.0
1333,unacc,high,med,4,4,small,low,1.0
1334,acc,med,high,5more,more,med,med,1.0
1335,acc,high,low,2,more,big,high,1.0
1336,unacc,med,med,4,2,small,low,1.0
1337,good,low,med,5more,more,small,high,1.0
1338,unacc,high,high,3,4,big,high,0.5
1339,unacc,low,med,4,more,big,low,1.0
1340,acc,med,vhigh,5more,4,med,med,1.0
1341,unacc,low,high,2,2,big,high,1.0
1342,acc,med,high,4,4,med,med,1.0
1343,unacc,high,med,5more,4,big,low,1.0
1344,unacc,med,vhigh,2,2,small,high,1.0
1345,unacc,vhigh,vhigh,2,4,small,low,0.75
1346,unacc,high,vhigh,2,4,med,med,1.0
1347,unacc,vhigh,low,4,4,small,low,1.0
1348,unacc,low,vhigh,3,4,big,low,1.0
1349,unacc,med,vhigh,5more,more,big,low,1.0
1350,unacc,vhigh,vhigh,4,2,small,low,1.0
1351,acc,low,high,3,4,small,med,1.0
1352,unacc,high,med,2,more,med,med,1.0
1353,unacc,low,med,2,2,small,med,1.0
1354,vgood,low,high,4,more,med,high,1.0
1355,unacc,high,high,5more,2,big,med,1.0
1356,unacc,vhigh,vhigh,3,4,big,high,1.0
1357,unacc,vhigh,vhigh,4,2,small,med,1.0
1358,acc,vhigh,vhigh,2,2,big,high,0.25
1359,unacc,low,vhigh,5more,4,big,low,1.0
1360,unacc,high,low,5more,2,small,low,1.0
1361,acc,med,high,2,more,big,med,1.0
1362,unacc,med,med,4,2,med,med,1.0
1363,unacc,low,vhigh,2,4,small,low,1.0
1364,unacc,low,low,2,2,med,med,1.0
1365,unacc,vhigh,med,5more,2,small,med,1.0
1366,acc,med,high,3,4,med,high,1.0
1367,unacc,vhigh,med,3,2,med,high,1.0
1368,acc,vhigh,low,4,more,big,high,1.0
1369,vgood,low,med,4,more,big,high,1.0
1370,unacc,med,low,4,2,med,high,1.0
1371,unacc,med,vhigh,5more,2,big,low,1.0
1372,unacc,low,low,5more,2,small,med,1.0
1373,unacc,med,high,3,2,small,high,1.0
1374,acc,med,vhigh,5more,4,big,med,1.0
1375,unacc,high,low,2,more,med,low,1.0
1376,unacc,vhigh,med,4,more,med,low,1.0
1377,unacc,vhigh,high,2,2,small,med,1.0
1378,unacc,med,low,5more,2,big,med,1.0
1379,good,low,med,4,more,med,med,1.0
1380,unacc,high,med,3,4,small,med,1.0
1381,unacc,vhigh,low,3,4,small,low,1.0
1382,vgood,low,med,3,more,med,high,1.0
1383,unacc,low,low,3,2,big,med,1.0
1384,unacc,med,low,5more,4,big,low,1.0
1385,unacc,vhigh,med,5more,2,med,low,1.0
1386,unacc,high,low,2,2,small,high,1.0
1387,unacc,vhigh,med,2,2,med,med,1.0
1388,vgood,med,med,3,4,big,high,1.0
1389,unacc,vhigh,med,2,more,med,med,1.0
1390,unacc,low,med,4,more,small,low,1.0
1391,acc,vhigh,med,3,more,big,med,1.0
1392,unacc,high,vhigh,5more,more,big,high,1.0
1393,unacc,low,vhigh,2,more,small,high,1.0
1394,acc,low,vhigh,5more,more,med,high,1.0
1395,unacc,high,high,5more,4,med,high,0.5
1396,unacc,low,high,5more,2,big,low,1.0
1397,unacc,vhigh,high,4,more,small,med,1.0
1398,unacc,high,med,3,more,big,low,1.0
1399,unacc,med,vhigh,5more,4,med,low,1.0
1400,acc,high,high,2,more,med,high,0.5
1401,acc,vhigh,vhigh,3,2,small,med,0.25
1402,unacc,med,vhigh,4,2,med,low,1.0
1403,unacc,vhigh,vhigh,4,more,small,med,1.0
1404,unacc,high,low,2,4,big,low,1.0
1405,unacc,low,med,4,4,med,low,1.0
1406,unacc,med,med,5more,2,small,low,1.0
1407,unacc,low,low,2,2,small,low,1.0
1408,unacc,low,vhigh,4,4,big,low,1.0
1409,unacc,vhigh,med,2,2,small,med,1.0
1410,acc,high,low,5more,4,big,med,1.0
1411,unacc,med,vhigh,5more,2,small,med,1.0
1412,unacc,high,high,2,2,big,high,1.0
1413,acc,high,low,2,more,big,med,1.0
1414,acc,low,vhigh,4,more,big,high,1.0
1415,acc,high,high,5more,more,med,med,0.5
1416,unacc,vhigh,high,4,more,med,low,1.0
1417,unacc,vhigh,low,2,4,med,med,1.0
1418,acc,vhigh,vhigh,2,4,big,high,0.25
1419,unacc,high,low,5more,more,small,low,1.0
1420,unacc,high,high,2,more,big,low,1.0
1421,unacc,med,high,2,2,big,low,1.0
1422,acc,vhigh,med,2,more,big,high,1.0
1423,acc,vhigh,med,5more,4,small,high,1.0
1424,acc,vhigh,med,5more,more,big,high,1.0
1425,acc,vhigh,med,3,4,big,high,1.0
1426,unacc,vhigh,low,4,more,small,low,1.0
1427,unacc,low,vhigh,3,2,small,high,1.0
1428,unacc,vhigh,low,4,4,med,low,1.0
1429,unacc,med,vhigh,4,2,med,high,1.0
1430,unacc,vhigh,high,5more,2,med,low,1.0
1431,unacc,vhigh,low,3,2,small,med,1.0
1432,unacc,med,low,3,4,small,low,1.0
1433,unacc,high,high,5more,more,med,high,0.5
1434,unacc,med,vhigh,5more,2,big,med,1.0
1435,unacc,low,low,2,2,med,low,1.0
1436,vgood,low,high,4,4,med,high,1.0
1437,unacc,vhigh,vhigh,4,more,med,low,1.0
1438,unacc,low,med,4,2,small,med,1.0
1439,unacc,high,vhigh,3,4,small,med,1.0
1440,unacc,med,med,4,2,med,high,1.0
1441,unacc,med,high,2,4,small,low,1.0
1442,unacc,vhigh,vhigh,3,2,small,low,0.75
1443,unacc,low,vhigh,4,more,med,low,1.0
1444,unacc,med,med,5more,more,small,low,1.0
1445,unacc,med,high,4,2,big,low,1.0
1446,unacc,low,vhigh,2,2,big,high,1.0
1447,acc,vhigh,vhigh,2,more,med,low,0.25
1448,unacc,vhigh,med,5more,2,big,high,1.0
1449,unacc,med,med,3,4,med,low,1.0
1450,unacc,med,med,4,4,med,low,1.0
1451,unacc,vhigh,high,3,4,big,high,1.0
1452,unacc,med,vhigh,5more,4,big,low,1.0
1453,unacc,vhigh,high,3,4,med,low,1.0
1454,acc,med,med,4,4,small,high,1.0
1455,unacc,high,med,3,4,med,low,1.0
1456,unacc,vhigh,vhigh,4,more,big,low,1.0
1457,unacc,med,vhigh,3,more,big,low,1.0
1458,unacc,vhigh,med,4,2,small,high,1.0
1459,unacc,vhigh,med,2,more,small,low,1.0
1460,unacc,high,vhigh,4,4,big,high,1.0
1461,unacc,high,low,2,2,small,med,1.0
1462,good,med,low,5more,more,small,high,1.0
1463,unacc,high,med,3,4,med,med,1.0
1464,acc,vhigh,low,4,4,small,high,1.0
1465,unacc,vhigh,high,4,more,med,high,1.0
1466,unacc,high,low,5more,2,small,high,1.0
1467,unacc,vhigh,low,2,more,big,low,1.0
1468,unacc,vhigh,low,3,2,med,low,1.0
1469,acc,low,vhigh,5more,4,big,med,1.0
1470,unacc,high,med,2,2,big,med,1.0
1471,acc,vhigh,low,2,4,med,high,1.0
1472,unacc,low,med,2,4,small,low,1.0
1473,unacc,med,low,3,2,big,high,1.0
1474,unacc,vhigh,high,3,2,small,med,1.0
1475,unacc,med,vhigh,3,2,big,low,1.0
1476,unacc,vhigh,med,5more,4,small,low,1.0
1477,unacc,low,vhigh,4,2,small,high,1.0
1478,unacc,vhigh,high,5more,4,big,low,1.0
1479,unacc,med,med,5more,4,big,low,1.0
1480,good,low,low,3,more,big,med,1.0
1481,unacc,low,low,4,2,med,med,1.0
1482,acc,vhigh,low,4,more,med,med,1.0
1483,unacc,vhigh,high,3,more,big,low,1.0
1484,unacc,high,high,4,more,small,low,1.0
1485,acc,low,med,2,4,small,med,1.0
1486,unacc,vhigh,med,3,4,small,med,1.0
1487,unacc,vhigh,high,5more,2,med,med,1.0
1488,unacc,low,med,3,2,big,low,1.0
1489,unacc,med,med,5more,2,med,low,1.0
1490,vgood,med,med,2,4,big,high,1.0
1491,acc,med,low,4,4,small,med,1.0
1492,unacc,vhigh,high,4,2,big,med,1.0
1493,unacc,vhigh,vhigh,4,4,big,low,1.0
1494,unacc,high,med,2,more,big,low,1.0
1495,unacc,vhigh,vhigh,3,more,big,high,1.0
1496,unacc,high,low,3,more,small,low,1.0
1497,unacc,high,high,5more,more,small,high,0.5
1498,unacc,low,med,2,more,small,low,1.0
1499,unacc,med,low,2,2,med,low,1.0
1500,unacc,vhigh,vhigh,2,4,big,med,0.75
1501,unacc,low,low,5more,4,small,low,1.0
1502,unacc,low,high,5more,more,med,low,1.0
1503,acc,vhigh,vhigh,2,4,big,med,0.25
1504,unacc,med,high,2,2,small,med,1.0
1505,unacc,high,med,4,more,big,low,1.0
1506,acc,low,vhigh,4,more,small,high,1.0
1507,unacc,med,med,2,more,small,med,1.0
1508,unacc,vhigh,high,2,2,med,med,1.0
1509,vgood,low,low,4,more,big,high,1.0
1510,unacc,low,low,2,more,big,low,1.0
1511,unacc,med,high,5more,2,med,high,1.0
1512,unacc,high,vhigh,3,2,med,high,1.0
1513,acc,med,vhigh,4,4,big,med,1.0
1514,unacc,high,low,5more,4,med,low,1.0
1515,unacc,high,low,4,4,big,low,1.0
1516,unacc,med,high,5more,4,small,low,1.0
1517,unacc,high,high,5more,2,small,low,1.0
1518,unacc,low,low,4,4,big,low,1.0
1519,unacc,high,low,4,2,big,high,1.0
1520,unacc,high,vhigh,5more,4,big,high,1.0
1521,unacc,low,low,3,more,big,low,1.0
1522,unacc,high,vhigh,5more,more,small,high,1.0
1523,unacc,vhigh,high,5more,more,med,high,1.0
1524,unacc,vhigh,vhigh,4,2,big,high,1.0
1525,unacc,vhigh,low,5more,2,big,med,1.0
1526,unacc,med,vhigh,2,4,small,low,1.0
1527,acc,med,med,5more,4,small,high,1.0
1528,good,low,med,5more,4,small,high,1.0
1529,unacc,high,high,4,4,small,high,0.5
1530,acc,med,low,5more,4,small,med,1.0
1531,unacc,med,vhigh,4,2,big,high,1.0
1532,unacc,med,low,5more,2,big,high,1.0
1533,unacc,vhigh,vhigh,2,more,small,high,0.75
1534,unacc,low,low,2,more,small,low,1.0
1535,unacc,vhigh,vhigh,4,2,med,low,1.0
1536,acc,high,low,2,4,small,high,1.0
1537,unacc,vhigh,med,3,4,small,low,1.0
1538,unacc,med,vhigh,2,4,med,low,1.0
1539,acc,low,low,3,4,small,med,1.0
1540,unacc,vhigh,med,3,2,big,low,1.0
1541,unacc,med,med,5more,2,big,high,1.0
1542,good,med,low,2,more,med,high,1.0
1543,unacc,vhigh,med,5more,2,med,high,1.0
1544,unacc,vhigh,vhigh,3,more,big,med,1.0
1545,unacc,vhigh,high,4,4,small,high,1.0
1546,unacc,low,vhigh,4,2,small,med,1.0
1547,unacc,high,high,5more,more,big,high,0.5
1548,unacc,low,vhigh,3,2,big,med,1.0
1549,unacc,med,high,3,more,small,low,1.0
1550,acc,vhigh,low,4,4,big,med,1.0
1551,acc,low,high,3,4,med,high,1.0
1552,vgood,low,high,4,more,big,high,1.0
1553,vgood,low,med,4,more,med,high,1.0
1554,acc,low,high,4,more,med,med,1.0
1555,unacc,high,low,3,4,big,low,1.0
1556,unacc,low,vhigh,5more,4,med,low,1.0
1557,unacc,vhigh,high,3,2,small,low,1.0
1558,unacc,high,high,5more,more,big,med,0.5
1559,unacc,med,low,4,more,med,low,1.0
1560,unacc,vhigh,vhigh,2,4,big,low,0.75
1561,unacc,high,low,2,2,med,med,1.0
1562,unacc,med,vhigh,4,2,small,med,1.0
1563,unacc,med,high,2,2,big,med,1.0
1564,unacc,low,vhigh,5more,2,med,med,1.0
1565,unacc,low,high,5more,2,big,med,1.0
1566,acc,vhigh,vhigh,2,4,med,med,0.25
1567,acc,high,med,3,more,big,high,1.0
1568,acc,vhigh,med,5more,4,big,med,1.0
1569,unacc,med,vhigh,2,2,big,med,1.0
1570,acc,vhigh,med,3,4,small,high,1.0
1571,unacc,vhigh,low,5more,4,big,low,1.0
1572,unacc,vhigh,high,5more,more,small,med,1.0
1573,unacc,high,low,2,more,big,low,1.0
1574,unacc,vhigh,low,3,more,small,med,1.0
1575,unacc,low,low,3,more,small,low,1.0
1576,acc,vhigh,med,3,4,med,high,1.0
1577,unacc,vhigh,low,3,2,med,high,1.0
1578,acc,vhigh,low,3,more,med,med,1.0
1579,unacc,low,vhigh,3,more,big,low,1.0
1580,unacc,low,med,5more,2,small,med,1.0
1581,unacc,vhigh,vhigh,4,4,med,low,1.0
1582,acc,vhigh,med,5more,4,big,high,1.0
1583,unacc,vhigh,high,5more,4,big,med,1.0
1584,unacc,low,low,5more,4,big,low,1.0
1585,acc,low,vhigh,2,more,big,high,1.0
1586,unacc,high,med,4,2,med,high,1.0
1587,unacc,low,vhigh,2,4,small,med,1.0
1588,unacc,med,high,2,2,med,high,1.0
1589,unacc,vhigh,high,5more,more,med,med,1.0
1590,unacc,vhigh,vhigh,5more,4,small,med,1.0
1591,unacc,high,high,5more,2,small,med,1.0
1592,unacc,med,low,5more,more,med,low,1.0
1593,unacc,low,low,5more,2,med,low,1.0
1594,unacc,vhigh,vhigh,3,more,small,high,1.0
1595,acc,high,low,3,4,big,high,1.0
1596,unacc,high,high,2,more,big,med,0.5
1597,unacc,vhigh,low,2,more,small,low,1.0
1598,unacc,high,med,3,2,med,high,1.0
1599,acc,low,high,2,4,small,med,1.0
1600,acc,high,high,4,4,big,high,0.5
1601,unacc,med,low,5more,2,big,low,1.0
1602,unacc,vhigh,vhigh,5more,more,med,high,1.0
1603,unacc,med,low,3,2,small,med,1.0
1604,unacc,med,med,3,4,small,low,1.0
1605,unacc,vhigh,med,5more,2,med,med,1.0
1606,unacc,high,vhigh,4,4,med,high,1.0
1607,unacc,med,high,4,more,big,low,1.0
1608,acc,high,high,5more,more,big,high,0.5
1609,acc,high,med,3,4,med,high,1.0
1610,unacc,vhigh,vhigh,2,4,med,high,0.75
1611,unacc,med,low,3,more,big,low,1.0
1612,unacc,vhigh,high,4,4,med,low,1.0
1613,unacc,high,high,3,more,small,med,1.0
1614,unacc,high,med,5more,4,small,low,1.0
1615,unacc,low,vhigh,3,4,small,low,1.0
1616,unacc,med,med,2,2,big,low,1.0
1617,unacc,high,high,3,4,med,high,0.5
1618,acc,low,low,4,4,small,med,1.0
1619,unacc,high,med,3,2,med,med,1.0
1620,unacc,high,high,4,more,small,med,1.0
1621,acc,high,low,3,more,big,med,1.0
1622,unacc,med,low,3,more,med,low,1.0
1623,unacc,high,low,4,2,big,low,1.0
1624,unacc,vhigh,high,2,2,med,high,1.0
1625,unacc,high,med,5more,4,med,low,1.0
1626,acc,high,low,4,4,med,high,1.0
1627,unacc,vhigh,low,4,2,med,high,1.0
1628,unacc,vhigh,vhigh,3,2,small,med,0.75
1629,unacc,low,high,5more,2,big,high,1.0
1630,unacc,med,low,5more,2,med,low,1.0
1631,acc,low,vhigh,2,4,big,high,1.0
1632,unacc,vhigh,vhigh,4,4,big,med,1.0
1633,acc,med,vhigh,3,4,big,med,1.0
1634,acc,low,high,5more,4,small,med,1.0
1635,unacc,high,vhigh,2,2,small,high,1.0
1636,acc,med,med,4,more,big,med,1.0
1637,unacc,vhigh,low,3,2,med,med,1.0
1638,unacc,vhigh,vhigh,5more,more,small,med,1.0
1639,unacc,med,vhigh,3,4,big,low,1.0
1640,unacc,high,med,3,4,big,low,1.0
1641,unacc,vhigh,high,4,more,big,high,1.0
1642,unacc,low,low,5more,2,big,high,1.0
1643,unacc,vhigh,high,4,2,small,low,1.0
1644,unacc,high,low,3,2,med,med,1.0
1645,unacc,vhigh,low,4,2,small,high,1.0
1646,unacc,high,low,5more,more,big,low,1.0
1647,acc,med,vhigh,3,more,big,med,1.0
1648,acc,vhigh,low,5more,more,med,high,1.0
1649,unacc,med,high,3,2,big,low,1.0
1650,unacc,high,med,4,2,med,med,1.0
1651,acc,high,high,4,more,big,high,0.5
1652,unacc,med,vhigh,3,4,small,med,1.0
1653,unacc,vhigh,med,5more,4,small,med,1.0
1654,unacc,high,vhigh,5more,2,big,low,1.0
1655,unacc,high,vhigh,4,more,big,high,1.0
1656,vgood,low,med,4,4,med,high,1.0
1657,unacc,low,vhigh,3,more,small,low,1.0
1658,acc,med,med,5more,4,big,med,1.0
1659,unacc,low,high,5more,2,med,med,1.0
1660,unacc,med,high,2,more,small,low,1.0
1661,acc,high,low,5more,more,small,high,1.0
1662,unacc,high,low,2,4,med,low,1.0
1663,unacc,high,high,3,2,med,high,1.0
1664,unacc,low,vhigh,3,4,med,low,1.0
1665,unacc,med,high,3,2,big,med,1.0
1666,unacc,vhigh,high,5more,more,big,med,1.0
1667,acc,med,vhigh,3,more,med,high,1.0
1668,acc,high,low,5more,4,med,med,1.0
1669,unacc,vhigh,high,5more,4,small,med,1.0
1670,acc,high,med,3,more,small,high,1.0
1671,unacc,vhigh,high,5more,2,big,low,1.0
1672,acc,med,med,3,4,small,med,1.0
1673,unacc,med,vhigh,5more,4,small,low,1.0
1674,unacc,high,high,2,4,big,med,0.5
1675,good,low,low,4,more,big,med,1.0
1676,unacc,vhigh,vhigh,2,4,med,med,0.75
1677,unacc,vhigh,low,5more,4,small,low,1.0
1678,unacc,low,high,5more,2,small,high,1.0
1679,unacc,med,med,2,2,small,med,1.0
1680,acc,low,high,5more,more,small,med,1.0
1681,acc,med,vhigh,5more,more,big,high,1.0
1682,acc,low,vhigh,5more,4,med,med,1.0
1683,unacc,vhigh,high,3,4,small,med,1.0
1684,acc,low,high,3,more,med,med,1.0
1685,unacc,vhigh,low,5more,more,med,low,1.0
1686,unacc,high,vhigh,4,2,small,low,1.0
1687,unacc,vhigh,med,5more,more,big,low,1.0
1688,acc,high,high,4,4,small,high,0.5
1689,unacc,med,high,2,4,small,med,1.0
1690,unacc,low,vhigh,2,more,small,low,1.0
1691,unacc,low,low,2,2,med,high,1.0
1692,unacc,vhigh,vhigh,5more,2,med,high,1.0
1693,vgood,low,low,4,4,big,high,1.0
1694,acc,vhigh,med,3,more,small,high,1.0
1695,unacc,low,med,2,4,big,low,1.0
1696,unacc,med,low,4,2,small,high,1.0
1697,unacc,vhigh,high,2,2,med,low,1.0
1698,unacc,med,low,2,more,small,high,1.0
1699,unacc,high,low,4,2,small,low,1.0
1700,unacc,med,high,3,4,small,low,1.0
1701,unacc,low,med,5more,more,med,low,1.0
1702,unacc,vhigh,vhigh,3,2,big,high,1.0
1703,unacc,vhigh,high,4,more,small,low,1.0
1704,unacc,vhigh,med,2,2,small,high,1.0
1705,acc,low,high,5more,4,small,high,1.0
1706,acc,high,high,3,more,small,high,0.5
1707,unacc,high,high,2,more,small,high,1.0
1708,acc,vhigh,low,5more,more,big,high,1.0
1709,acc,vhigh,med,3,more,med,high,1.0
1710,unacc,low,high,3,more,small,low,1.0
1711,unacc,high,low,4,2,small,high,1.0
1712,unacc,low,vhigh,2,more,med,low,1.0
1713,unacc,med,high,3,2,small,low,1.0
1714,unacc,high,vhigh,2,4,small,high,1.0
1715,unacc,med,med,2,2,med,med,1.0
1716,unacc,high,med,4,4,small,med,1.0
1717,unacc,vhigh,vhigh,3,more,small,low,1.0
1718,unacc,vhigh,vhigh,3,4,med,med,1.0
1719,acc,high,med,2,4,big,med,1.0
1720,acc,med,vhigh,3,more,big,high,1.0
1721,unacc,high,high,4,more,small,high,0.5
1722,good,low,low,2,4,small,high,1.0
1723,unacc,vhigh,high,2,2,small,high,1.0
1724,unacc,med,vhigh,3,2,big,med,1.0
1725,unacc,med,med,3,2,big,high,1.0
1726,unacc,low,med,2,2,big,low,1.0
1727,unacc,low,med,3,more,big,low,1.0
1728,unacc,med,vhigh,3,4,small,low,1.0
1729,unacc,med,vhigh,5more,2,med,low,1.0
1730,unacc,low,vhigh,2,4,med,med,1.0
1731,acc,med,med,2,4,med,high,1.0
1732,unacc,low,high,4,4,big,low,1.0
1733,unacc,med,med,2,2,med,high,1.0
1734,unacc,med,med,3,4,big,low,1.0
1735,unacc,low,low,5more,2,small,low,1.0
1736,unacc,vhigh,med,5more,more,small,low,1.0
1737,vgood,med,low,5more,more,med,high,1.0
1738,unacc,low,med,2,2,big,med,1.0
1739,unacc,low,high,4,2,big,high,1.0
1740,unacc,low,med,5more,2,small,low,1.0
1741,unacc,high,high,4,more,big,low,1.0
1742,acc,med,high,2,more,big,high,1.0
1743,acc,vhigh,low,5more,more,med,med,1.0
1744,unacc,high,high,2,2,med,low,1.0
1745,acc,high,med,5more,more,big,high,1.0
1746,unacc,high,high,2,4,med,high,0.5
1747,unacc,high,high,4,4,med,low,1.0
1748,unacc,high,med,2,more,small,high,1.0
1749,unacc,high,med,5more,2,med,med,1.0
1750,unacc,low,low,3,4,big,low,1.0
1751,unacc,high,high,4,2,big,med,1.0
1752,acc,high,med,2,4,small,high,1.0
1753,unacc,vhigh,med,3,2,small,low,1.0
1754,unacc,med,high,5more,4,med,low,1.0
1755,unacc,vhigh,vhigh,5more,more,small,high,1.0
1756,unacc,vhigh,vhigh,5more,more,big,med,1.0
1757,acc,low,high,4,4,small,med,1.0
1758,acc,med,vhigh,4,more,big,med,1.0
1759,acc,low,high,4,more,small,high,1.0
1760,unacc,low,high,5more,more,small,low,1.0
1761,acc,low,vhigh,5more,4,med,high,1.0
1762,unacc,high,vhigh,4,2,big,high,1.0
1763,unacc,med,high,4,2,big,med,1.0
1764,unacc,high,high,3,more,med,med,0.5
1765,good,low,low,2,more,big,med,1.0
1766,acc,vhigh,low,5more,more,small,high,1.0
1767,unacc,low,low,3,4,med,low,1.0
1768,acc,low,high,5more,more,big,med,1.0
1769,unacc,vhigh,vhigh,4,4,small,high,1.0
1770,unacc,low,high,4,2,med,low,1.0
1771,unacc,low,high,4,4,med,low,1.0
1772,unacc,high,high,4,4,big,low,1.0
1773,vgood,med,low,3,4,big,high,1.0
1774,vgood,low,high,5more,4,big,high,1.0
1775,unacc,high,high,3,4,small,high,0.5
1776,unacc,med,low,2,2,small,low,1.0
1777,unacc,high,med,5more,more,med,low,1.0
1778,unacc,high,high,4,2,med,low,1.0
1779,unacc,high,med,4,2,big,low,1.0
1780,unacc,med,vhigh,4,more,med,low,1.0
1781,unacc,low,low,5more,2,big,low,1.0
1782,unacc,med,high,3,2,med,low,1.0
1783,acc,med,vhigh,5more,4,med,high,1.0
1784,unacc,high,med,2,2,small,low,1.0
1785,acc,high,high,2,4,big,high,0.5
1786,acc,med,vhigh,5more,more,big,med,1.0
1787,unacc,high,high,3,4,small,med,1.0
1788,acc,vhigh,low,3,4,small,high,1.0
1789,unacc,low,low,3,more,med,low,1.0
1790,good,med,low,3,more,small,high,1.0
1791,unacc,vhigh,high,3,2,med,med,1.0
1792,unacc,med,low,2,2,big,low,1.0
1793,unacc,high,low,2,4,small,low,1.0
1794,unacc,vhigh,high,3,4,small,high,1.0
1795,unacc,high,low,5more,2,big,med,1.0
1796,unacc,vhigh,low,2,2,med,high,1.0
1797,acc,vhigh,low,5more,4,small,high,1.0
