,buying,maint,doors,persons,lug_boot,safety,verdict,condprob
0,unacc,low,med,4,2,big,low,1.0
1,acc,low,high,4,more,small,med,1.0
2,acc,med,high,5more,4,big,med,1.0
3,acc,low,low,3,more,small,med,1.0
4,unacc,low,low,3,2,med,med,1.0
5,unacc,vhigh,vhigh,4,more,small,high,1.0
6,unacc,high,med,5more,2,small,high,1.0
7,unacc,high,high,5more,more,big,med,0.5
8,unacc,med,vhigh,4,more,big,low,1.0
9,acc,vhigh,low,2,more,big,high,1.0
10,unacc,low,high,2,4,big,low,1.0
11,unacc,low,low,4,2,small,low,1.0
12,unacc,vhigh,low,5more,2,small,low,1.0
13,unacc,med,high,2,2,big,low,1.0
14,acc,vhigh,med,5more,4,big,high,1.0
15,unacc,vhigh,high,3,4,med,med,1.0
16,acc,low,high,2,4,small,high,1.0
17,acc,med,vhigh,2,more,med,high,1.0
18,unacc,vhigh,high,2,4,big,med,1.0
19,unacc,vhigh,vhigh,2,more,small,low,0.25
20,unacc,high,high,2,4,big,high,0.5
21,unacc,vhigh,vhigh,3,4,small,low,1.0
22,unacc,med,low,5more,more,big,low,1.0
23,unacc,high,vhigh,4,4,med,med,1.0
24,unacc,high,med,2,more,small,high,1.0
25,unacc,vhigh,vhigh,2,4,big,low,0.25
26,unacc,low,low,2,2,small,med,1.0
27,unacc,high,high,3,4,small,med,1.0
28,acc,high,med,2,more,big,high,1.0
29,unacc,low,med,2,more,small,high,1.0
30,unacc,med,low,4,2,small,high,1.0
31,acc,low,vhigh,2,4,small,high,1.0
32,acc,low,vhigh,3,4,big,med,1.0
33,acc,high,med,3,4,small,high,1.0
34,unacc,vhigh,high,4,4,med,low,1.0
35,unacc,vhigh,vhigh,5more,more,big,low,1.0
36,good,low,low,5more,4,small,high,1.0
37,acc,med,vhigh,4,more,big,high,1.0
38,acc,med,vhigh,3,more,small,high,1.0
39,acc,med,high,3,more,med,med,1.0
40,unacc,med,vhigh,4,4,small,med,1.0
41,unacc,high,vhigh,5more,4,big,med,1.0
42,unacc,high,low,5more,4,small,low,1.0
43,unacc,low,high,5more,2,small,low,1.0
44,acc,vhigh,vhigh,2,2,med,med,0.3333333333333333
45,unacc,high,high,5more,2,small,med,1.0
46,unacc,vhigh,low,4,2,med,med,1.0
47,unacc,vhigh,high,2,4,big,high,1.0
48,unacc,vhigh,high,3,4,med,low,1.0
49,acc,vhigh,med,5more,4,med,high,1.0
50,unacc,vhigh,vhigh,3,more,big,med,1.0
51,unacc,high,low,2,more,small,med,1.0
52,good,low,med,2,more,big,med,1.0
53,unacc,vhigh,high,4,2,big,low,1.0
54,unacc,low,high,2,2,med,med,1.0
55,acc,vhigh,vhigh,3,2,med,low,0.25
56,unacc,med,low,5more,2,med,low,1.0
57,vgood,low,med,4,4,big,high,1.0
58,unacc,low,low,3,4,small,low,1.0
59,good,low,low,2,4,small,high,1.0
60,acc,vhigh,low,3,4,big,high,1.0
61,unacc,high,med,3,2,small,high,1.0
62,unacc,low,vhigh,3,2,med,med,1.0
63,unacc,med,low,2,2,big,high,1.0
64,unacc,vhigh,high,2,more,big,high,1.0
65,unacc,med,high,4,2,med,low,1.0
66,unacc,med,vhigh,2,more,med,low,1.0
67,acc,high,high,5more,more,small,high,0.5
68,unacc,vhigh,high,5more,more,med,med,1.0
69,acc,high,low,3,4,small,high,1.0
70,acc,high,high,4,more,med,high,0.5
71,good,low,med,4,more,med,med,1.0
72,acc,vhigh,med,4,4,med,high,1.0
73,acc,low,vhigh,3,4,small,high,1.0
74,acc,low,vhigh,3,more,small,high,1.0
75,unacc,vhigh,vhigh,5more,2,big,low,1.0
76,unacc,high,low,4,2,small,high,1.0
77,unacc,high,low,2,4,small,low,1.0
78,unacc,low,low,2,more,big,low,1.0
79,unacc,high,low,3,4,big,low,1.0
80,unacc,low,med,5more,4,small,low,1.0
81,unacc,high,high,3,2,small,high,1.0
82,unacc,high,vhigh,5more,more,med,low,1.0
83,unacc,med,vhigh,3,4,small,low,1.0
84,unacc,vhigh,high,3,2,small,low,1.0
85,acc,med,med,2,4,small,high,1.0
86,unacc,med,high,3,more,big,low,1.0
87,unacc,high,low,5more,2,small,high,1.0
88,unacc,high,vhigh,5more,4,small,high,1.0
89,unacc,vhigh,low,3,2,med,high,1.0
90,unacc,vhigh,vhigh,3,2,med,low,0.25
91,unacc,high,high,2,4,med,low,1.0
92,unacc,low,low,4,more,big,low,1.0
93,acc,vhigh,med,3,more,med,high,1.0
94,unacc,vhigh,vhigh,4,4,small,med,1.0
95,unacc,vhigh,vhigh,4,more,big,med,1.0
96,unacc,med,low,4,2,med,high,1.0
97,unacc,med,low,3,2,small,low,1.0
98,unacc,high,vhigh,3,more,small,high,1.0
99,unacc,low,low,4,2,big,med,1.0
100,unacc,high,vhigh,5more,more,med,med,1.0
101,unacc,vhigh,low,2,4,med,med,1.0
102,unacc,high,vhigh,5more,4,big,low,1.0
103,unacc,vhigh,vhigh,3,2,big,low,0.25
104,unacc,vhigh,med,2,4,small,med,1.0
105,acc,high,med,2,4,big,high,1.0
106,acc,vhigh,vhigh,2,more,small,high,0.25
107,acc,vhigh,med,4,4,big,high,1.0
108,unacc,low,low,2,4,small,low,1.0
109,unacc,vhigh,high,3,2,big,high,1.0
110,unacc,vhigh,high,5more,more,small,high,1.0
111,unacc,high,high,2,more,big,low,1.0
112,vgood,low,med,3,more,big,high,1.0
113,unacc,low,vhigh,4,more,small,med,1.0
114,unacc,med,high,5more,4,small,low,1.0
115,acc,vhigh,low,4,more,med,med,1.0
116,unacc,med,high,3,more,med,low,1.0
117,acc,vhigh,low,4,more,big,high,1.0
118,acc,vhigh,med,5more,more,big,high,1.0
119,unacc,vhigh,med,3,2,med,high,1.0
120,unacc,vhigh,vhigh,3,2,med,high,0.25
121,unacc,high,vhigh,4,2,big,high,1.0
122,unacc,vhigh,high,4,2,med,low,1.0
123,unacc,high,high,5more,2,big,low,1.0
124,unacc,med,vhigh,3,2,big,low,1.0
125,good,low,med,3,more,small,high,1.0
126,acc,high,low,4,4,big,high,1.0
127,acc,vhigh,low,2,more,big,med,1.0
128,unacc,high,med,5more,2,big,low,1.0
129,unacc,high,high,4,more,med,low,1.0
130,unacc,low,high,4,2,small,med,1.0
131,acc,high,med,5more,more,big,high,1.0
132,good,low,med,2,4,small,high,1.0
133,unacc,high,low,2,2,med,low,1.0
134,unacc,high,med,3,4,med,low,1.0
135,unacc,high,vhigh,4,4,med,low,1.0
136,acc,med,med,4,4,small,med,1.0
137,acc,low,med,2,more,med,med,1.0
138,unacc,vhigh,med,5more,2,big,med,1.0
139,unacc,high,high,2,2,small,low,1.0
140,unacc,med,vhigh,4,4,big,low,1.0
141,unacc,high,vhigh,5more,2,big,low,1.0
142,unacc,high,low,3,more,small,med,1.0
143,unacc,low,vhigh,2,more,big,low,1.0
144,unacc,high,high,2,4,big,med,0.5
145,acc,low,med,4,more,small,med,1.0
146,unacc,high,high,5more,2,med,low,1.0
147,unacc,vhigh,low,2,4,med,low,1.0
148,acc,low,low,3,4,small,med,1.0
149,acc,med,med,5more,4,big,med,1.0
150,acc,vhigh,low,3,more,big,med,1.0
151,good,low,med,5more,4,med,med,1.0
152,unacc,vhigh,vhigh,2,more,big,med,0.25
153,acc,high,med,3,more,small,high,1.0
154,unacc,high,vhigh,3,more,med,high,1.0
155,unacc,high,low,4,2,med,low,1.0
156,unacc,med,vhigh,4,2,small,low,1.0
157,unacc,vhigh,low,2,2,big,high,1.0
158,acc,high,high,3,more,med,med,0.5
159,unacc,vhigh,low,5more,4,small,med,1.0
160,unacc,med,low,2,more,small,high,1.0
161,acc,vhigh,vhigh,2,more,small,med,0.25
162,good,med,low,5more,4,big,med,1.0
163,unacc,med,med,3,2,small,med,1.0
164,unacc,vhigh,vhigh,3,4,med,high,1.0
165,unacc,vhigh,low,4,2,med,high,1.0
166,acc,high,high,4,4,med,high,0.5
167,unacc,vhigh,low,5more,more,small,low,1.0
168,unacc,high,med,3,2,big,low,1.0
169,acc,low,high,3,more,small,med,1.0
170,unacc,vhigh,high,4,more,small,high,1.0
171,unacc,vhigh,high,2,4,med,high,1.0
172,acc,high,low,4,4,small,high,1.0
173,unacc,low,vhigh,2,4,small,low,1.0
174,unacc,med,high,2,2,med,med,1.0
175,acc,low,low,2,4,med,med,1.0
176,unacc,med,med,4,4,big,low,1.0
177,unacc,high,vhigh,2,2,med,med,1.0
178,unacc,vhigh,vhigh,2,more,med,low,0.25
179,good,low,low,3,4,med,high,1.0
180,acc,med,vhigh,4,4,med,high,1.0
181,unacc,low,low,3,4,big,low,1.0
182,unacc,med,low,5more,4,med,low,1.0
183,unacc,vhigh,med,3,4,med,low,1.0
184,unacc,med,vhigh,3,4,small,med,1.0
185,unacc,med,med,2,2,big,med,1.0
186,unacc,med,vhigh,5more,more,small,low,1.0
187,acc,high,high,4,more,med,med,0.5
188,unacc,vhigh,low,5more,4,big,low,1.0
189,unacc,vhigh,low,5more,2,big,med,1.0
190,unacc,high,high,2,more,med,low,1.0
191,unacc,vhigh,high,2,more,med,low,1.0
192,acc,vhigh,low,3,more,med,med,1.0
193,unacc,vhigh,vhigh,5more,4,small,high,1.0
194,good,low,low,4,more,big,med,1.0
195,unacc,high,high,5more,2,small,high,1.0
196,acc,med,high,4,4,big,med,1.0
197,acc,med,vhigh,3,more,big,high,1.0
198,unacc,high,high,5more,4,big,low,1.0
199,unacc,high,med,4,2,big,med,1.0
200,unacc,low,high,3,more,big,low,1.0
201,unacc,med,low,2,2,big,low,1.0
202,acc,med,high,2,4,big,high,1.0
203,unacc,med,low,3,4,small,low,1.0
204,unacc,high,vhigh,5more,2,med,med,1.0
205,unacc,med,vhigh,4,2,med,low,1.0
206,unacc,med,low,4,2,big,high,1.0
207,acc,high,low,2,4,med,high,1.0
208,unacc,low,med,3,4,big,low,1.0
209,unacc,high,med,3,more,med,low,1.0
210,acc,high,med,5more,4,big,med,1.0
211,unacc,vhigh,high,5more,2,med,low,1.0
212,unacc,high,low,5more,2,big,med,1.0
213,vgood,med,low,3,4,big,high,1.0
214,unacc,vhigh,vhigh,4,4,small,low,1.0
215,unacc,low,med,3,4,med,low,1.0
216,unacc,high,vhigh,2,2,big,med,1.0
217,unacc,med,high,5more,more,big,low,1.0
218,acc,high,low,5more,4,big,high,1.0
219,acc,high,high,5more,4,big,high,0.5
220,unacc,vhigh,vhigh,3,more,med,med,1.0
221,vgood,med,med,5more,4,big,high,1.0
222,acc,high,med,5more,more,small,high,1.0
223,acc,high,high,5more,more,big,high,0.5
224,acc,med,high,4,4,big,high,1.0
225,unacc,vhigh,high,3,4,big,high,1.0
226,acc,low,vhigh,4,more,med,med,1.0
227,unacc,low,med,4,more,med,low,1.0
228,unacc,high,vhigh,2,4,big,high,1.0
229,unacc,low,high,5more,more,med,low,1.0
230,unacc,high,vhigh,5more,4,small,low,1.0
231,unacc,low,high,3,4,small,low,1.0
232,unacc,high,high,3,2,small,med,1.0
233,unacc,low,vhigh,5more,4,big,low,1.0
234,unacc,vhigh,vhigh,3,2,med,med,0.25
235,unacc,vhigh,med,4,more,big,low,1.0
236,vgood,med,med,3,more,big,high,1.0
237,unacc,vhigh,high,3,2,big,med,1.0
238,unacc,vhigh,high,4,2,med,med,1.0
239,unacc,vhigh,med,2,4,med,low,1.0
240,unacc,low,med,4,2,small,med,1.0
241,acc,low,high,5more,more,med,med,1.0
242,good,med,low,4,more,big,med,1.0
243,unacc,low,med,5more,4,med,low,1.0
244,acc,vhigh,med,4,more,med,med,1.0
245,unacc,high,high,5more,2,small,low,1.0
246,acc,high,low,5more,more,small,high,1.0
247,unacc,high,med,4,2,med,high,1.0
248,unacc,vhigh,med,4,2,big,high,1.0
249,vgood,low,low,3,more,big,high,1.0
250,unacc,med,low,4,4,small,low,1.0
251,acc,high,med,3,more,big,med,1.0
252,acc,vhigh,vhigh,3,2,big,low,0.25
253,unacc,high,low,5more,more,small,med,1.0
254,acc,high,low,5more,more,med,high,1.0
255,acc,vhigh,med,4,more,small,high,1.0
256,unacc,med,low,2,4,med,low,1.0
257,unacc,high,low,3,4,med,low,1.0
258,unacc,low,med,2,2,med,low,1.0
259,unacc,low,vhigh,5more,2,med,low,1.0
260,unacc,med,high,2,2,small,low,1.0
261,good,med,low,2,4,med,high,1.0
262,unacc,low,med,5more,2,big,high,1.0
263,unacc,low,low,2,more,small,high,1.0
264,unacc,high,high,5more,4,big,high,0.5
265,unacc,low,vhigh,2,more,med,med,1.0
266,acc,low,vhigh,4,4,big,med,1.0
267,unacc,med,high,2,2,small,high,1.0
268,unacc,med,high,5more,more,small,med,1.0
269,unacc,vhigh,vhigh,2,4,med,low,0.25
270,good,med,low,5more,4,med,med,1.0
271,acc,low,high,3,more,med,med,1.0
272,unacc,high,med,2,more,med,low,1.0
273,unacc,med,med,5more,2,big,low,1.0
274,unacc,low,high,2,2,small,low,1.0
275,unacc,med,vhigh,5more,2,small,low,1.0
276,acc,med,vhigh,4,4,big,med,1.0
277,unacc,vhigh,high,3,2,small,high,1.0
278,acc,med,high,4,more,med,med,1.0
279,unacc,vhigh,vhigh,2,2,big,high,0.25
280,acc,med,vhigh,2,4,small,high,1.0
281,unacc,vhigh,med,5more,more,small,low,1.0
282,unacc,med,med,4,2,small,low,1.0
283,unacc,vhigh,high,5more,4,small,low,1.0
284,unacc,low,vhigh,3,4,med,low,1.0
285,unacc,med,high,5more,2,small,med,1.0
286,acc,low,high,4,more,big,med,1.0
287,unacc,vhigh,low,2,4,big,low,1.0
288,unacc,low,low,5more,2,small,high,1.0
289,unacc,med,low,3,2,small,med,1.0
290,acc,med,vhigh,5more,4,med,med,1.0
291,unacc,low,med,5more,2,med,med,1.0
292,good,low,low,5more,more,small,high,1.0
293,unacc,low,low,4,more,med,low,1.0
294,unacc,vhigh,low,3,more,big,low,1.0
295,unacc,vhigh,med,3,2,small,high,1.0
296,unacc,low,med,4,2,small,low,1.0
297,unacc,vhigh,high,3,more,big,med,1.0
298,unacc,vhigh,med,2,more,small,low,1.0
299,vgood,med,med,5more,4,med,high,1.0
300,unacc,vhigh,vhigh,5more,more,small,high,1.0
301,unacc,vhigh,med,4,4,big,low,1.0
302,acc,vhigh,low,4,4,med,med,1.0
303,unacc,vhigh,low,5more,2,small,med,1.0
304,unacc,med,med,2,2,small,low,1.0
305,acc,med,med,2,more,med,med,1.0
306,unacc,vhigh,med,5more,2,big,low,1.0
307,unacc,low,low,4,4,big,low,1.0
308,unacc,low,high,4,2,big,med,1.0
309,acc,low,high,2,more,med,med,1.0
310,unacc,med,high,2,more,big,low,1.0
311,unacc,med,med,3,2,big,med,1.0
312,unacc,vhigh,med,4,2,small,low,1.0
313,unacc,high,med,2,2,med,low,1.0
314,unacc,vhigh,med,3,more,med,low,1.0
315,unacc,high,low,3,2,big,low,1.0
316,acc,high,med,4,4,big,high,1.0
317,unacc,high,high,4,2,small,low,1.0
318,unacc,vhigh,high,4,4,big,low,1.0
319,acc,vhigh,low,5more,more,med,high,1.0
320,unacc,high,high,3,2,big,high,1.0
321,unacc,low,vhigh,5more,2,big,high,1.0
322,unacc,med,med,2,more,small,high,1.0
323,unacc,vhigh,high,4,2,med,high,1.0
324,unacc,vhigh,vhigh,2,4,small,high,0.25
325,unacc,med,vhigh,2,2,med,low,1.0
326,unacc,med,vhigh,3,2,big,med,1.0
327,unacc,med,vhigh,2,more,small,high,1.0
328,unacc,vhigh,low,4,4,small,med,1.0
329,unacc,low,high,2,2,small,high,1.0
330,unacc,low,med,5more,more,big,low,1.0
331,unacc,high,high,3,4,small,high,0.5
332,unacc,low,high,5more,2,big,high,1.0
333,unacc,high,low,5more,2,med,low,1.0
334,unacc,med,med,3,4,big,low,1.0
335,acc,high,med,4,4,med,high,1.0
336,unacc,vhigh,high,3,more,small,high,1.0
337,acc,vhigh,vhigh,2,more,big,med,0.25
338,unacc,vhigh,vhigh,5more,4,med,med,1.0
339,acc,vhigh,low,5more,4,big,high,1.0
340,unacc,vhigh,med,4,2,med,low,1.0
341,unacc,med,high,4,4,big,low,1.0
342,acc,med,vhigh,4,more,big,med,1.0
343,unacc,low,high,3,2,med,med,1.0
344,unacc,vhigh,high,4,2,big,high,1.0
345,unacc,high,low,2,2,small,high,1.0
346,good,med,low,5more,4,small,high,1.0
347,good,low,med,5more,4,small,high,1.0
348,unacc,vhigh,high,5more,4,big,high,1.0
349,unacc,vhigh,vhigh,4,2,big,low,1.0
350,unacc,med,vhigh,4,2,big,low,1.0
351,acc,med,high,5more,more,med,med,1.0
352,acc,vhigh,low,4,4,big,high,1.0
353,unacc,vhigh,vhigh,3,2,big,high,1.0
354,unacc,med,high,5more,2,big,high,1.0
355,unacc,high,high,3,more,med,med,0.5
356,good,low,low,3,4,small,high,1.0
357,unacc,high,high,5more,more,big,low,1.0
358,unacc,high,low,5more,4,small,med,1.0
359,acc,low,vhigh,5more,more,small,high,1.0
360,unacc,high,med,5more,4,med,low,1.0
361,unacc,high,med,5more,2,med,med,1.0
362,acc,vhigh,low,4,more,small,high,1.0
363,unacc,high,high,2,more,small,med,1.0
364,unacc,high,vhigh,4,more,med,high,1.0
365,unacc,high,high,4,2,med,high,1.0
366,unacc,med,med,5more,2,big,high,1.0
367,acc,low,high,3,4,small,med,1.0
368,unacc,high,high,2,more,big,high,0.5
369,unacc,high,low,5more,more,med,low,1.0
370,unacc,high,vhigh,5more,more,big,low,1.0
371,unacc,med,vhigh,5more,2,med,med,1.0
372,unacc,low,vhigh,3,4,small,med,1.0
373,unacc,med,med,2,4,med,low,1.0
374,unacc,med,med,4,more,med,low,1.0
375,acc,med,low,4,4,small,med,1.0
376,unacc,vhigh,vhigh,4,4,med,low,1.0
377,unacc,vhigh,med,4,more,small,low,1.0
378,acc,high,low,3,more,big,med,1.0
379,acc,high,low,5more,4,big,med,1.0
380,unacc,vhigh,vhigh,2,more,small,high,0.25
381,unacc,vhigh,low,4,4,small,low,1.0
382,unacc,vhigh,med,5more,4,big,low,1.0
383,unacc,vhigh,vhigh,5more,2,big,high,1.0
384,unacc,low,med,5more,2,med,high,1.0
385,unacc,med,med,2,4,big,low,1.0
386,acc,high,med,4,more,med,med,1.0
387,unacc,vhigh,med,3,2,big,med,1.0
388,unacc,vhigh,vhigh,4,4,small,high,1.0
389,unacc,high,med,3,2,med,high,1.0
390,unacc,med,med,3,2,med,med,1.0
391,unacc,low,med,2,more,small,low,1.0
392,unacc,vhigh,vhigh,3,2,small,med,0.25
393,acc,med,high,4,4,small,high,1.0
394,unacc,low,low,2,2,big,high,1.0
395,unacc,med,high,3,2,small,high,1.0
396,unacc,vhigh,high,2,2,small,low,1.0
397,acc,low,med,5more,4,small,med,1.0
398,good,low,low,4,more,med,med,1.0
399,acc,low,vhigh,2,4,med,high,1.0
400,unacc,high,med,4,4,big,low,1.0
401,vgood,low,low,2,more,big,high,1.0
402,acc,med,low,2,more,med,med,1.0
403,unacc,med,low,5more,2,med,high,1.0
404,unacc,vhigh,vhigh,5more,4,small,low,1.0
405,unacc,med,med,3,4,med,low,1.0
406,acc,low,high,2,more,big,med,1.0
407,unacc,low,med,2,4,med,low,1.0
408,unacc,high,low,2,4,small,med,1.0
409,unacc,low,high,4,2,med,low,1.0
410,good,low,med,2,more,med,high,1.0
411,unacc,low,vhigh,2,2,med,low,1.0
412,unacc,vhigh,vhigh,4,4,big,med,1.0
413,acc,vhigh,vhigh,2,2,big,low,0.25
414,acc,low,high,3,more,small,high,1.0
415,acc,med,med,2,more,big,med,1.0
416,unacc,med,med,4,2,big,low,1.0
417,unacc,med,high,5more,2,small,low,1.0
418,unacc,high,low,5more,2,med,med,1.0
419,unacc,vhigh,vhigh,4,4,big,low,1.0
420,unacc,low,med,5more,2,big,low,1.0
421,unacc,vhigh,vhigh,5more,2,med,low,1.0
422,unacc,high,high,4,2,big,med,1.0
423,acc,high,med,4,more,big,med,1.0
424,unacc,med,low,4,2,small,low,1.0
425,unacc,low,low,2,2,big,med,1.0
426,good,low,med,4,4,big,med,1.0
427,unacc,low,low,5more,2,small,med,1.0
428,unacc,low,high,2,4,small,low,1.0
429,unacc,low,med,5more,2,med,low,1.0
430,acc,high,high,4,4,small,high,0.5
431,unacc,vhigh,med,4,2,small,med,1.0
432,unacc,low,high,2,2,small,med,1.0
433,unacc,high,med,2,4,small,med,1.0
434,unacc,low,vhigh,4,2,big,low,1.0
435,unacc,low,low,5more,2,big,med,1.0
436,vgood,med,med,3,4,big,high,1.0
437,unacc,low,high,3,2,big,high,1.0
438,unacc,high,vhigh,5more,more,small,med,1.0
439,acc,high,low,3,4,med,high,1.0
440,vgood,low,low,5more,4,med,high,1.0
441,vgood,med,med,2,4,big,high,1.0
442,acc,med,high,3,more,big,med,1.0
443,unacc,med,low,2,2,small,high,1.0
444,unacc,high,med,2,2,med,high,1.0
445,unacc,med,vhigh,3,more,big,low,1.0
446,good,med,low,4,more,small,high,1.0
447,acc,med,med,4,more,big,med,1.0
448,acc,low,high,5more,more,small,med,1.0
449,acc,low,high,2,more,med,high,1.0
450,acc,low,vhigh,5more,more,big,med,1.0
451,unacc,vhigh,high,5more,more,big,med,1.0
452,unacc,vhigh,med,4,2,med,med,1.0
453,acc,med,vhigh,4,more,small,high,1.0
454,unacc,low,med,4,2,small,high,1.0
455,vgood,low,high,3,more,med,high,1.0
456,unacc,vhigh,vhigh,4,more,small,low,1.0
457,unacc,med,high,2,2,big,med,1.0
458,unacc,high,vhigh,2,4,small,med,1.0
459,unacc,vhigh,low,4,more,big,low,1.0
460,unacc,med,high,4,2,small,high,1.0
461,unacc,low,high,2,2,med,low,1.0
462,good,med,low,2,4,big,med,1.0
463,unacc,high,vhigh,2,more,med,med,1.0
464,unacc,vhigh,med,3,more,big,low,1.0
465,unacc,high,high,3,more,big,low,1.0
466,unacc,low,med,2,2,small,high,1.0
467,acc,low,vhigh,4,more,small,high,1.0
468,unacc,high,high,5more,2,big,med,1.0
469,unacc,high,high,4,4,big,low,1.0
470,unacc,high,low,2,more,big,low,1.0
471,acc,high,low,4,more,med,med,1.0
472,unacc,low,high,2,more,big,low,1.0
473,unacc,high,vhigh,2,more,big,low,1.0
474,unacc,low,high,2,more,small,high,1.0
475,unacc,high,vhigh,5more,more,small,low,1.0
476,unacc,med,high,3,2,small,low,1.0
477,acc,low,high,2,4,big,med,1.0
478,unacc,med,med,5more,more,small,low,1.0
479,good,med,low,3,more,med,med,1.0
480,unacc,med,high,5more,2,big,low,1.0
481,acc,med,med,3,4,med,high,1.0
482,vgood,med,low,4,more,med,high,1.0
483,unacc,vhigh,low,2,more,big,low,1.0
484,unacc,vhigh,high,3,more,med,low,1.0
485,unacc,vhigh,vhigh,2,4,med,high,0.25
486,unacc,low,vhigh,2,4,med,low,1.0
487,unacc,high,vhigh,3,4,small,low,1.0
488,acc,high,high,2,4,med,high,0.5
489,unacc,med,high,5more,4,med,low,1.0
490,unacc,med,high,2,2,small,med,1.0
491,unacc,high,high,5more,more,med,high,0.5
492,unacc,high,high,2,4,small,low,1.0
493,unacc,high,vhigh,2,4,med,low,1.0
494,unacc,high,vhigh,4,more,med,low,1.0
495,unacc,vhigh,low,3,2,big,med,1.0
496,unacc,high,low,3,4,med,med,1.0
497,unacc,low,vhigh,5more,more,med,low,1.0
498,unacc,low,med,5more,2,small,low,1.0
499,unacc,med,med,4,2,med,high,1.0
500,acc,low,high,5more,4,small,med,1.0
501,unacc,vhigh,low,3,4,med,med,1.0
502,unacc,vhigh,high,2,2,med,med,1.0
503,unacc,low,vhigh,5more,4,small,med,1.0
504,unacc,vhigh,vhigh,3,more,small,med,1.0
505,acc,high,med,5more,4,small,high,1.0
506,unacc,high,high,3,2,big,low,1.0
507,unacc,vhigh,med,2,more,med,med,1.0
508,unacc,med,vhigh,2,4,med,low,1.0
509,unacc,high,vhigh,3,2,med,med,1.0
510,acc,med,med,2,4,small,med,1.0
511,unacc,low,low,5more,4,small,low,1.0
512,unacc,vhigh,med,4,more,med,low,1.0
513,unacc,low,high,4,2,med,high,1.0
514,unacc,low,vhigh,2,2,small,low,1.0
515,unacc,high,high,2,more,small,high,1.0
516,unacc,high,med,3,more,big,low,1.0
517,unacc,high,vhigh,5more,4,big,high,1.0
518,unacc,high,vhigh,2,2,med,low,1.0
519,acc,med,vhigh,3,4,big,med,1.0
520,unacc,low,vhigh,2,4,small,med,1.0
521,unacc,med,low,2,4,big,low,1.0
522,unacc,vhigh,vhigh,5more,4,med,low,1.0
523,unacc,high,med,4,more,small,low,1.0
524,unacc,vhigh,low,3,2,med,low,1.0
525,acc,med,med,3,more,big,med,1.0
526,unacc,med,high,5more,more,med,low,1.0
527,unacc,vhigh,high,5more,2,small,high,1.0
528,unacc,high,vhigh,5more,2,small,high,1.0
529,unacc,low,med,2,2,big,low,1.0
530,acc,low,high,4,more,small,high,1.0
531,unacc,low,vhigh,3,2,big,high,1.0
532,unacc,med,high,5more,2,big,med,1.0
533,acc,vhigh,vhigh,3,2,small,high,0.25
534,unacc,vhigh,high,4,4,small,low,1.0
535,unacc,med,high,5more,2,med,med,1.0
536,unacc,high,med,3,2,small,med,1.0
537,acc,vhigh,vhigh,3,2,small,low,0.25
538,unacc,low,vhigh,5more,2,big,low,1.0
539,unacc,med,low,3,more,small,low,1.0
540,unacc,vhigh,med,3,2,small,med,1.0
541,unacc,low,vhigh,3,2,small,low,1.0
542,unacc,vhigh,vhigh,5more,4,med,high,1.0
543,unacc,vhigh,low,4,more,med,low,1.0
544,unacc,high,vhigh,2,2,small,med,1.0
545,unacc,med,vhigh,3,more,small,med,1.0
546,unacc,med,low,2,2,med,med,1.0
547,unacc,high,low,3,2,med,high,1.0
548,acc,med,low,3,more,small,med,1.0
549,unacc,high,low,3,more,small,low,1.0
550,unacc,med,vhigh,5more,2,small,med,1.0
551,unacc,med,vhigh,4,2,med,med,1.0
552,unacc,low,vhigh,3,4,big,low,1.0
553,unacc,low,high,4,more,small,low,1.0
554,unacc,low,low,3,4,med,low,1.0
555,unacc,med,low,4,more,med,low,1.0
556,vgood,low,high,5more,4,med,high,1.0
557,unacc,high,high,4,more,small,low,1.0
558,acc,vhigh,vhigh,3,2,med,high,0.25
559,vgood,med,low,4,4,big,high,1.0
560,unacc,med,high,4,2,big,high,1.0
561,unacc,low,vhigh,2,2,big,low,1.0
562,unacc,med,low,4,2,med,med,1.0
563,acc,high,low,4,more,med,high,1.0
564,unacc,low,low,5more,2,small,low,1.0
565,unacc,med,high,4,more,small,med,1.0
566,unacc,vhigh,low,5more,4,med,low,1.0
567,unacc,vhigh,high,4,more,small,low,1.0
568,acc,high,low,2,more,big,high,1.0
569,acc,vhigh,vhigh,2,4,med,low,0.25
570,acc,vhigh,med,3,more,med,med,1.0
571,acc,high,low,4,more,big,high,1.0
572,unacc,low,low,2,4,big,low,1.0
573,vgood,low,high,5more,4,big,high,1.0
574,unacc,vhigh,high,3,4,small,high,1.0
575,unacc,high,low,3,2,small,med,1.0
576,unacc,high,low,5more,4,med,low,1.0
577,unacc,low,med,2,4,small,low,1.0
578,unacc,low,med,4,2,med,low,1.0
579,unacc,vhigh,high,5more,4,small,med,1.0
580,unacc,high,low,4,2,small,low,1.0
581,unacc,low,high,5more,2,med,low,1.0
582,unacc,vhigh,high,3,2,med,med,1.0
583,unacc,vhigh,low,3,more,small,low,1.0
584,acc,high,med,5more,4,big,high,1.0
585,unacc,low,med,4,2,med,high,1.0
586,unacc,low,med,5more,2,small,high,1.0
587,acc,low,low,2,more,med,med,1.0
588,unacc,high,low,3,2,med,med,1.0
589,unacc,high,high,5more,more,small,low,1.0
590,unacc,vhigh,vhigh,5more,more,big,high,1.0
591,acc,low,vhigh,5more,4,big,med,1.0
592,acc,low,high,5more,more,small,high,1.0
593,acc,med,med,3,4,small,high,1.0
594,acc,high,high,5more,more,med,med,0.5
595,good,low,med,4,more,big,med,1.0
596,unacc,low,high,4,2,med,med,1.0
597,unacc,vhigh,vhigh,5more,more,med,med,1.0
598,good,med,low,4,4,big,med,1.0
599,acc,vhigh,vhigh,2,more,small,low,0.25
600,unacc,vhigh,med,5more,4,small,med,1.0
601,acc,vhigh,low,3,more,big,high,1.0
602,unacc,high,vhigh,2,2,small,low,1.0
603,acc,vhigh,low,3,more,med,high,1.0
604,unacc,low,vhigh,4,2,small,med,1.0
605,unacc,vhigh,vhigh,4,2,med,med,1.0
606,unacc,med,med,5more,2,small,med,1.0
607,unacc,low,med,2,more,small,med,1.0
608,unacc,vhigh,vhigh,4,2,small,high,1.0
609,unacc,vhigh,high,5more,more,big,high,1.0
610,unacc,vhigh,high,2,more,big,med,1.0
611,unacc,vhigh,high,4,more,big,low,1.0
612,unacc,low,high,5more,4,med,low,1.0
613,unacc,vhigh,med,4,2,big,low,1.0
614,unacc,high,high,5more,4,small,med,1.0
615,acc,high,med,3,more,big,high,1.0
616,unacc,low,vhigh,4,more,small,low,1.0
617,unacc,low,vhigh,3,4,med,med,1.0
618,unacc,high,high,5more,2,med,high,1.0
619,unacc,med,low,2,2,med,high,1.0
620,unacc,high,high,3,4,med,med,1.0
621,unacc,low,high,3,2,big,low,1.0
622,unacc,med,high,4,more,med,low,1.0
623,unacc,high,high,4,4,small,med,1.0
624,acc,vhigh,low,3,4,small,high,1.0
625,unacc,high,high,5more,4,med,high,0.5
626,acc,vhigh,vhigh,2,2,med,high,0.3333333333333333
627,unacc,med,vhigh,5more,more,big,low,1.0
628,acc,low,vhigh,5more,more,med,med,1.0
629,unacc,high,vhigh,5more,4,small,med,1.0
630,unacc,high,vhigh,2,2,small,high,1.0
631,unacc,low,vhigh,2,2,med,med,1.0
632,unacc,vhigh,med,4,more,small,med,1.0
633,good,med,low,5more,more,med,med,1.0
634,good,low,med,5more,more,med,med,1.0
635,unacc,vhigh,med,5more,4,small,low,1.0
636,good,med,low,3,4,med,high,1.0
637,good,low,low,4,more,small,high,1.0
638,vgood,med,low,2,4,big,high,1.0
639,unacc,vhigh,low,2,4,small,med,1.0
640,unacc,high,vhigh,3,more,med,low,1.0
641,unacc,vhigh,high,3,4,big,low,1.0
642,unacc,med,low,2,2,big,med,1.0
643,unacc,med,vhigh,2,2,small,med,1.0
644,unacc,vhigh,low,3,2,big,high,1.0
645,unacc,high,vhigh,4,2,small,med,1.0
646,unacc,high,med,3,more,small,low,1.0
647,unacc,high,low,2,2,big,med,1.0
648,acc,med,high,5more,more,med,high,1.0
649,unacc,high,vhigh,2,more,big,med,1.0
650,unacc,med,med,4,2,med,med,1.0
651,unacc,low,med,2,2,big,high,1.0
652,acc,vhigh,vhigh,3,2,small,med,0.25
653,acc,high,med,5more,more,med,med,1.0
654,good,med,low,2,more,big,med,1.0
655,acc,high,med,4,more,big,high,1.0
656,unacc,vhigh,high,5more,2,med,high,1.0
657,unacc,high,low,2,2,small,med,1.0
658,unacc,vhigh,high,5more,more,med,high,1.0
659,unacc,high,vhigh,3,4,big,high,1.0
660,unacc,high,high,5more,more,med,med,0.5
661,unacc,low,med,2,2,med,med,1.0
662,acc,med,low,4,more,small,med,1.0
663,acc,low,high,3,4,big,med,1.0
664,acc,med,vhigh,2,4,big,high,1.0
665,unacc,vhigh,vhigh,4,2,big,med,1.0
666,unacc,low,low,3,2,big,low,1.0
667,unacc,high,high,4,2,med,med,1.0
668,unacc,med,high,5more,2,med,high,1.0
669,unacc,med,low,2,2,med,low,1.0
670,good,low,med,5more,4,big,med,1.0
671,unacc,med,low,3,4,big,low,1.0
672,unacc,low,low,5more,2,med,med,1.0
673,unacc,vhigh,high,5more,more,med,low,1.0
674,unacc,low,high,4,2,small,high,1.0
675,acc,med,med,5more,more,small,high,1.0
676,acc,med,med,2,4,med,high,1.0
677,acc,vhigh,med,5more,4,med,med,1.0
678,acc,high,high,4,more,big,med,0.5
679,unacc,vhigh,med,3,4,med,med,1.0
680,vgood,low,med,5more,4,med,high,1.0
681,unacc,vhigh,high,2,4,med,med,1.0
682,unacc,high,high,3,2,med,high,1.0
683,unacc,med,med,3,2,small,low,1.0
684,unacc,low,vhigh,5more,2,med,med,1.0
685,unacc,high,vhigh,4,2,med,high,1.0
686,unacc,high,low,3,more,med,low,1.0
687,unacc,vhigh,high,5more,2,small,low,1.0
688,unacc,low,med,5more,more,med,low,1.0
689,unacc,low,high,3,more,small,low,1.0
690,acc,med,low,3,4,med,med,1.0
691,unacc,med,vhigh,3,more,med,low,1.0
692,acc,high,high,5more,4,med,med,0.5
693,unacc,med,med,3,2,big,low,1.0
694,unacc,med,med,4,more,big,low,1.0
695,unacc,high,high,4,4,big,high,0.5
696,acc,high,low,5more,4,med,high,1.0
697,vgood,low,med,4,more,med,high,1.0
698,unacc,low,high,3,4,big,low,1.0
699,unacc,med,low,5more,2,small,high,1.0
700,acc,vhigh,vhigh,2,2,small,med,0.6666666666666666
701,unacc,high,vhigh,3,4,big,low,1.0
702,unacc,med,vhigh,5more,2,med,low,1.0
703,unacc,vhigh,low,2,more,med,low,1.0
704,acc,vhigh,low,3,4,big,med,1.0
705,unacc,vhigh,high,5more,4,med,low,1.0
706,unacc,med,high,4,2,small,low,1.0
707,unacc,high,vhigh,2,4,small,high,1.0
708,unacc,med,high,5more,2,med,low,1.0
709,unacc,vhigh,high,3,more,med,med,1.0
710,unacc,vhigh,high,3,more,big,low,1.0
711,acc,med,med,5more,more,small,med,1.0
712,unacc,vhigh,med,2,4,big,low,1.0
713,unacc,high,high,5more,4,small,low,1.0
714,unacc,vhigh,low,5more,2,med,high,1.0
715,unacc,med,med,3,2,small,high,1.0
716,unacc,vhigh,high,5more,more,big,low,1.0
717,unacc,med,high,2,2,big,high,1.0
718,unacc,vhigh,high,3,2,med,low,1.0
719,unacc,med,vhigh,4,2,big,high,1.0
720,unacc,high,med,3,4,small,low,1.0
721,acc,vhigh,vhigh,2,4,small,low,0.25
722,acc,low,vhigh,3,more,med,high,1.0
723,good,low,low,3,more,med,med,1.0
724,unacc,low,low,4,2,med,med,1.0
725,unacc,high,low,5more,2,med,high,1.0
726,acc,vhigh,med,3,more,big,med,1.0
727,acc,high,med,5more,4,med,med,1.0
728,acc,high,high,5more,4,small,high,0.5
729,acc,med,high,5more,4,big,high,1.0
730,acc,med,high,4,more,big,med,1.0
731,unacc,low,vhigh,2,2,big,high,1.0
732,unacc,high,med,5more,2,big,med,1.0
733,unacc,vhigh,vhigh,4,more,big,high,1.0
734,unacc,med,vhigh,4,4,small,low,1.0
735,unacc,low,low,4,2,small,med,1.0
736,unacc,low,low,5more,4,med,low,1.0
737,unacc,med,high,5more,4,big,low,1.0
738,unacc,high,low,2,2,big,low,1.0
739,unacc,high,vhigh,4,more,small,low,1.0
740,unacc,low,vhigh,4,2,med,high,1.0
741,acc,high,low,5more,more,med,med,1.0
742,unacc,low,vhigh,5more,more,small,low,1.0
743,acc,vhigh,low,5more,more,med,med,1.0
744,unacc,med,med,4,2,big,high,1.0
745,unacc,low,vhigh,3,more,med,low,1.0
746,unacc,high,high,4,4,med,med,0.5
747,unacc,high,med,2,4,med,med,1.0
748,acc,med,vhigh,4,4,big,high,1.0
749,unacc,vhigh,vhigh,5more,2,med,high,1.0
750,unacc,vhigh,med,2,4,small,low,1.0
751,acc,med,low,2,4,small,med,1.0
752,unacc,low,low,5more,2,med,high,1.0
753,unacc,high,low,2,more,med,low,1.0
754,unacc,high,high,3,4,med,low,1.0
755,unacc,med,low,2,2,small,med,1.0
756,unacc,low,high,3,2,med,low,1.0
757,acc,med,high,5more,4,med,med,1.0
758,unacc,high,high,2,2,big,low,1.0
759,unacc,low,med,2,2,small,med,1.0
760,unacc,high,high,2,4,small,high,0.5
761,unacc,med,high,4,2,small,med,1.0
762,unacc,vhigh,low,2,2,med,low,1.0
763,vgood,low,med,5more,more,med,high,1.0
764,unacc,low,low,2,2,med,high,1.0
765,unacc,med,high,2,4,small,med,1.0
766,acc,vhigh,low,4,4,small,high,1.0
767,acc,low,high,4,4,small,med,1.0
768,acc,high,high,4,more,big,high,0.5
769,unacc,high,low,5more,more,big,low,1.0
770,unacc,high,high,5more,more,med,low,1.0
771,unacc,vhigh,med,2,4,med,med,1.0
772,unacc,vhigh,high,4,4,big,high,1.0
773,unacc,high,med,3,2,med,low,1.0
774,unacc,vhigh,vhigh,4,4,med,med,1.0
775,unacc,high,high,5more,more,small,high,0.5
776,unacc,high,low,3,more,big,low,1.0
777,unacc,high,high,4,more,small,med,1.0
778,unacc,high,vhigh,5more,more,big,med,1.0
779,vgood,low,med,5more,more,big,high,1.0
780,unacc,vhigh,vhigh,2,2,big,med,0.25
781,unacc,med,low,4,more,big,low,1.0
782,unacc,vhigh,vhigh,5more,2,small,med,1.0
783,unacc,high,high,4,2,big,low,1.0
784,acc,high,high,3,more,big,high,0.5
785,unacc,med,vhigh,2,2,small,high,1.0
786,acc,high,high,2,more,med,high,0.5
787,unacc,med,med,4,more,small,low,1.0
788,acc,vhigh,med,3,more,small,high,1.0
789,acc,low,med,3,4,small,med,1.0
790,unacc,high,vhigh,5more,4,med,low,1.0
791,unacc,vhigh,vhigh,3,more,small,low,1.0
792,unacc,vhigh,low,5more,2,med,med,1.0
793,unacc,med,vhigh,3,more,small,low,1.0
794,vgood,med,med,4,more,med,high,1.0
795,unacc,high,low,4,2,big,high,1.0
796,unacc,low,high,4,4,big,low,1.0
797,unacc,vhigh,vhigh,4,2,med,high,1.0
798,acc,vhigh,med,4,more,big,high,1.0
799,unacc,med,vhigh,2,2,big,low,1.0
800,unacc,med,vhigh,3,2,small,med,1.0
801,unacc,low,med,4,2,med,med,1.0
802,unacc,med,high,4,2,big,med,1.0
803,unacc,high,med,3,4,big,low,1.0
804,unacc,vhigh,vhigh,5more,more,med,high,1.0
805,unacc,vhigh,high,3,more,big,high,1.0
806,unacc,med,low,5more,4,small,low,1.0
807,unacc,high,low,4,more,big,low,1.0
808,acc,vhigh,med,5more,4,big,med,1.0
809,unacc,vhigh,med,5more,2,med,high,1.0
810,acc,vhigh,vhigh,2,2,big,med,0.25
811,unacc,low,low,4,2,small,high,1.0
812,unacc,vhigh,vhigh,4,more,small,med,1.0
813,vgood,med,low,2,more,big,high,1.0
814,unacc,low,low,3,more,big,low,1.0
815,acc,high,med,3,4,big,med,1.0
816,acc,vhigh,med,5more,more,small,high,1.0
817,unacc,high,vhigh,2,4,med,med,1.0
818,unacc,high,high,2,more,med,med,1.0
819,acc,high,low,5more,more,big,med,1.0
820,unacc,med,med,2,2,big,low,1.0
821,acc,med,low,5more,more,small,med,1.0
822,acc,med,high,4,more,small,high,1.0
823,acc,vhigh,med,4,4,med,med,1.0
824,unacc,high,vhigh,2,more,small,low,1.0
825,unacc,med,med,5more,4,big,low,1.0
826,unacc,vhigh,vhigh,2,2,med,med,0.3333333333333333
827,acc,high,high,4,4,big,med,0.5
828,unacc,high,vhigh,4,2,med,low,1.0
829,vgood,med,med,2,more,big,high,1.0
830,unacc,vhigh,high,4,more,big,med,1.0
831,unacc,med,vhigh,2,2,med,high,1.0
832,unacc,low,vhigh,2,2,big,med,1.0
833,unacc,low,vhigh,3,2,big,med,1.0
834,vgood,low,high,4,more,big,high,1.0
835,unacc,vhigh,med,5more,2,small,med,1.0
836,acc,med,low,3,4,small,med,1.0
837,unacc,high,low,3,2,small,high,1.0
838,unacc,vhigh,low,3,2,med,med,1.0
839,unacc,low,vhigh,4,2,small,low,1.0
840,unacc,vhigh,high,5more,2,small,med,1.0
841,acc,high,low,2,more,big,med,1.0
842,unacc,high,med,4,more,small,med,1.0
843,acc,vhigh,low,4,4,big,med,1.0
844,unacc,low,vhigh,5more,2,small,med,1.0
845,good,low,med,5more,more,small,high,1.0
846,unacc,high,high,5more,more,small,med,1.0
847,unacc,med,vhigh,5more,2,med,high,1.0
848,unacc,low,med,3,2,small,med,1.0
849,unacc,vhigh,med,2,2,big,low,1.0
850,unacc,low,low,5more,2,big,low,1.0
851,unacc,low,high,5more,2,big,med,1.0
852,unacc,high,vhigh,2,more,med,low,1.0
853,unacc,low,med,4,2,big,med,1.0
854,acc,low,med,5more,more,small,med,1.0
855,unacc,med,low,5more,2,big,med,1.0
856,acc,low,high,2,4,small,med,1.0
857,unacc,low,high,5more,2,big,low,1.0
858,acc,med,med,3,4,small,med,1.0
859,acc,low,vhigh,5more,4,med,high,1.0
860,unacc,high,high,4,2,med,low,1.0
861,unacc,high,low,5more,2,big,high,1.0
862,acc,vhigh,vhigh,2,4,small,high,0.25
863,unacc,low,high,2,2,big,med,1.0
864,unacc,med,med,2,more,med,low,1.0
865,unacc,low,vhigh,2,4,big,low,1.0
866,unacc,vhigh,vhigh,5more,4,small,med,1.0
867,unacc,high,vhigh,4,more,small,med,1.0
868,unacc,low,high,3,more,med,low,1.0
869,unacc,med,med,5more,more,big,low,1.0
870,unacc,vhigh,high,2,more,small,high,1.0
871,unacc,vhigh,vhigh,2,2,big,low,0.25
872,unacc,high,low,3,2,med,low,1.0
873,unacc,med,vhigh,2,4,med,med,1.0
874,good,low,low,3,more,small,high,1.0
875,unacc,low,low,2,2,small,high,1.0
876,unacc,low,vhigh,2,more,small,med,1.0
877,vgood,med,low,5more,more,big,high,1.0
878,unacc,med,low,5more,2,big,high,1.0
879,unacc,med,vhigh,5more,more,med,low,1.0
880,unacc,high,med,3,2,big,med,1.0
881,unacc,vhigh,vhigh,5more,4,big,med,1.0
882,good,low,low,3,4,big,med,1.0
883,unacc,high,low,3,4,small,med,1.0
884,unacc,high,med,2,4,small,low,1.0
885,unacc,high,vhigh,2,more,big,high,1.0
886,unacc,med,vhigh,3,4,med,low,1.0
887,unacc,med,high,4,2,med,high,1.0
888,unacc,high,high,5more,2,med,med,1.0
889,unacc,vhigh,med,3,4,big,low,1.0
890,acc,vhigh,low,4,more,med,high,1.0
891,unacc,high,low,4,2,big,med,1.0
892,acc,vhigh,med,5more,more,med,med,1.0
893,acc,low,high,3,4,small,high,1.0
894,unacc,high,med,4,4,small,med,1.0
895,acc,high,med,4,4,small,high,1.0
896,unacc,high,high,2,2,small,med,1.0
897,acc,low,med,4,4,small,med,1.0
898,acc,high,low,5more,4,small,high,1.0
899,unacc,vhigh,vhigh,4,4,big,high,1.0
900,acc,high,high,3,4,small,high,0.5
901,unacc,med,vhigh,3,2,med,med,1.0
902,vgood,low,low,4,more,big,high,1.0
903,unacc,low,vhigh,3,2,small,med,1.0
904,unacc,low,vhigh,4,4,small,med,1.0
905,unacc,vhigh,vhigh,3,4,med,low,1.0
906,unacc,med,vhigh,4,4,med,low,1.0
907,acc,low,vhigh,2,4,big,high,1.0
908,unacc,vhigh,vhigh,2,4,small,low,0.25
909,unacc,med,low,3,2,med,low,1.0
910,acc,low,vhigh,2,more,med,high,1.0
911,acc,high,high,5more,4,med,high,0.5
912,unacc,high,vhigh,3,2,small,low,1.0
913,unacc,med,low,3,2,med,high,1.0
914,acc,high,low,4,more,small,high,1.0
915,acc,high,med,3,more,med,high,1.0
916,unacc,high,high,5more,4,med,med,0.5
917,acc,high,high,5more,more,big,med,0.5
918,unacc,vhigh,med,3,more,small,low,1.0
919,acc,high,high,4,4,med,med,0.5
920,unacc,vhigh,vhigh,3,more,med,high,1.0
921,unacc,high,low,3,2,big,med,1.0
922,unacc,high,med,4,2,small,low,1.0
923,unacc,low,low,4,2,big,low,1.0
924,unacc,low,vhigh,4,2,big,med,1.0
925,good,med,low,2,more,med,high,1.0
926,unacc,vhigh,high,5more,2,big,high,1.0
927,unacc,med,vhigh,2,more,small,med,1.0
928,acc,med,med,2,4,med,med,1.0
929,unacc,high,vhigh,4,4,big,med,1.0
930,unacc,med,low,3,2,big,high,1.0
931,unacc,low,vhigh,5more,4,med,low,1.0
932,unacc,high,med,3,more,small,med,1.0
933,acc,low,high,3,4,med,med,1.0
934,unacc,high,vhigh,2,2,med,high,1.0
935,unacc,med,vhigh,3,2,big,high,1.0
936,unacc,high,low,5more,more,small,low,1.0
937,unacc,high,high,5more,2,big,high,1.0
938,unacc,vhigh,vhigh,3,more,big,high,1.0
939,unacc,high,med,2,2,small,high,1.0
940,unacc,vhigh,med,2,more,small,med,1.0
941,acc,med,med,5more,more,big,med,1.0
942,unacc,vhigh,high,2,more,med,high,1.0
943,acc,med,med,4,4,big,med,1.0
944,acc,med,high,3,more,med,high,1.0
945,good,low,med,4,4,small,high,1.0
946,vgood,low,low,5more,more,med,high,1.0
947,unacc,med,high,4,2,big,low,1.0
948,unacc,vhigh,low,3,4,small,low,1.0
949,good,med,low,5more,more,big,med,1.0
950,unacc,vhigh,vhigh,2,more,small,med,0.25
951,unacc,high,high,3,more,small,med,1.0
952,acc,high,low,3,more,med,med,1.0
953,acc,low,med,2,4,small,med,1.0
954,unacc,high,high,3,more,med,high,0.5
955,unacc,vhigh,med,5more,2,med,med,1.0
956,unacc,high,vhigh,4,4,small,high,1.0
957,acc,vhigh,med,2,4,med,high,1.0
958,unacc,low,low,5more,2,big,high,1.0
959,unacc,vhigh,high,4,4,big,med,1.0
960,unacc,high,vhigh,4,2,small,low,1.0
961,good,low,med,2,4,med,high,1.0
962,unacc,vhigh,low,2,more,small,low,1.0
963,unacc,med,med,2,2,med,low,1.0
964,acc,low,low,3,4,med,med,1.0
965,unacc,med,low,3,4,med,low,1.0
966,acc,vhigh,low,5more,4,med,high,1.0
967,unacc,vhigh,low,2,4,small,low,1.0
968,unacc,vhigh,low,4,4,big,low,1.0
969,vgood,low,high,2,more,big,high,1.0
970,unacc,low,high,2,more,small,med,1.0
971,unacc,vhigh,med,4,2,small,high,1.0
972,unacc,med,low,2,4,small,low,1.0
973,unacc,low,low,2,more,med,low,1.0
974,acc,low,high,3,more,big,med,1.0
975,unacc,vhigh,high,2,2,small,med,1.0
976,unacc,vhigh,med,4,2,med,high,1.0
977,unacc,vhigh,high,3,2,small,med,1.0
978,unacc,high,med,2,2,big,med,1.0
979,unacc,high,vhigh,2,4,small,low,1.0
980,unacc,vhigh,med,5more,2,small,high,1.0
981,unacc,high,high,2,4,med,high,0.5
982,acc,low,vhigh,5more,more,big,high,1.0
983,unacc,med,high,4,4,med,low,1.0
984,acc,vhigh,med,3,4,big,high,1.0
985,unacc,low,med,3,2,med,med,1.0
986,unacc,vhigh,high,2,4,med,low,1.0
987,unacc,med,med,2,more,small,low,1.0
988,unacc,low,high,5more,more,big,low,1.0
989,unacc,low,low,3,2,small,med,1.0
990,acc,med,low,2,4,med,med,1.0
991,unacc,vhigh,low,4,2,med,low,1.0
992,unacc,high,vhigh,3,more,med,med,1.0
993,acc,vhigh,med,4,4,small,high,1.0
994,unacc,vhigh,vhigh,2,4,big,med,0.25
995,unacc,low,low,5more,2,med,low,1.0
996,unacc,low,high,3,4,med,low,1.0
997,acc,med,vhigh,5more,4,big,med,1.0
998,acc,high,low,2,4,small,high,1.0
999,acc,med,med,3,more,small,med,1.0
1000,acc,high,low,3,more,big,high,1.0
1001,unacc,med,med,5more,2,med,low,1.0
1002,acc,low,med,3,more,small,med,1.0
1003,unacc,high,med,5more,4,small,low,1.0
1004,unacc,vhigh,vhigh,5more,more,med,low,1.0
1005,unacc,high,low,4,more,small,med,1.0
1006,unacc,high,vhigh,3,4,med,med,1.0
1007,unacc,med,vhigh,4,more,small,med,1.0
1008,acc,high,high,4,4,big,high,0.5
1009,acc,vhigh,vhigh,2,more,med,low,0.25
1010,acc,vhigh,med,4,more,med,high,1.0
1011,acc,low,vhigh,2,more,big,high,1.0
1012,unacc,low,vhigh,5more,more,small,med,1.0
1013,unacc,low,med,2,4,big,low,1.0
1014,unacc,low,low,4,4,small,low,1.0
1015,unacc,med,low,2,more,big,low,1.0
1016,unacc,vhigh,vhigh,3,2,small,low,0.25
1017,acc,high,med,2,more,big,med,1.0
1018,unacc,low,low,2,more,small,low,1.0
1019,unacc,med,high,4,more,big,low,1.0
1020,vgood,med,med,5more,more,big,high,1.0
1021,unacc,med,high,3,4,med,med,1.0
1022,unacc,med,high,3,2,small,med,1.0
1023,acc,vhigh,vhigh,2,more,big,low,0.25
1024,unacc,med,vhigh,3,2,med,low,1.0
1025,acc,high,high,3,more,med,high,0.5
1026,acc,vhigh,low,5more,4,big,med,1.0
1027,good,low,med,2,4,big,med,1.0
1028,unacc,high,vhigh,4,more,big,low,1.0
1029,unacc,med,med,5more,2,big,med,1.0
1030,unacc,low,vhigh,3,more,small,med,1.0
1031,unacc,low,high,4,more,big,low,1.0
1032,unacc,low,med,3,2,big,high,1.0
1033,unacc,high,med,5more,2,big,high,1.0
1034,unacc,vhigh,high,5more,4,med,high,1.0
1035,unacc,low,low,2,2,small,low,1.0
1036,unacc,low,med,3,more,med,low,1.0
1037,unacc,high,med,5more,more,small,low,1.0
1038,unacc,med,high,4,4,small,low,1.0
1039,acc,med,high,2,more,big,high,1.0
1040,unacc,high,low,5more,2,big,low,1.0
1041,acc,med,high,3,more,small,high,1.0
1042,unacc,vhigh,med,3,4,small,med,1.0
1043,unacc,low,high,2,2,med,high,1.0
1044,unacc,vhigh,med,3,2,med,low,1.0
1045,acc,high,med,5more,4,med,high,1.0
1046,unacc,vhigh,high,4,more,med,high,1.0
1047,unacc,low,vhigh,5more,2,med,high,1.0
1048,acc,high,med,2,4,small,high,1.0
1049,unacc,low,med,3,more,small,low,1.0
1050,unacc,med,high,5more,4,small,med,1.0
1051,unacc,vhigh,vhigh,5more,more,big,med,1.0
1052,unacc,high,low,4,2,big,low,1.0
1053,good,low,low,2,4,big,med,1.0
1054,vgood,low,high,5more,more,big,high,1.0
1055,unacc,vhigh,low,5more,more,med,low,1.0
1056,unacc,vhigh,high,2,4,small,med,1.0
1057,unacc,low,vhigh,4,2,med,med,1.0
1058,acc,high,low,3,more,med,high,1.0
1059,unacc,med,high,4,more,small,low,1.0
1060,unacc,vhigh,med,2,2,big,med,1.0
1061,unacc,high,high,4,more,med,med,0.5
1062,acc,high,med,3,4,big,high,1.0
1063,unacc,med,med,5more,2,small,low,1.0
1064,unacc,low,high,4,4,med,low,1.0
1065,unacc,med,vhigh,5more,4,med,low,1.0
1066,acc,vhigh,med,5more,4,small,high,1.0
1067,unacc,low,med,3,2,big,med,1.0
1068,unacc,vhigh,med,3,2,med,med,1.0
1069,acc,med,high,2,4,big,med,1.0
1070,unacc,low,vhigh,3,2,small,high,1.0
1071,unacc,high,vhigh,4,more,small,high,1.0
1072,unacc,med,high,2,2,med,high,1.0
1073,unacc,vhigh,low,5more,2,small,high,1.0
1074,unacc,high,med,5more,more,big,low,1.0
1075,unacc,med,low,4,2,big,low,1.0
1076,acc,high,low,4,4,big,med,1.0
1077,acc,vhigh,low,4,4,med,high,1.0
1078,unacc,high,low,2,2,med,med,1.0
1079,acc,vhigh,med,3,4,med,high,1.0
1080,unacc,low,vhigh,2,more,small,low,1.0
1081,unacc,vhigh,low,2,2,small,low,1.0
1082,unacc,high,high,3,2,small,low,1.0
1083,acc,high,high,5more,more,med,high,0.5
1084,unacc,vhigh,high,2,4,small,low,1.0
1085,acc,low,vhigh,3,4,big,high,1.0
1086,unacc,high,high,5more,more,big,high,0.5
1087,unacc,low,high,4,2,big,high,1.0
1088,unacc,low,high,2,4,med,low,1.0
1089,unacc,vhigh,vhigh,2,2,med,low,0.6666666666666666
1090,acc,low,high,3,4,med,high,1.0
1091,unacc,high,high,2,2,big,high,1.0
1092,unacc,vhigh,vhigh,5more,2,small,high,1.0
1093,unacc,high,low,2,2,med,high,1.0
1094,unacc,high,med,5more,4,small,med,1.0
1095,unacc,vhigh,vhigh,4,more,med,low,1.0
1096,good,low,med,3,4,big,med,1.0
1097,acc,high,med,2,more,med,high,1.0
1098,acc,high,high,3,4,med,high,0.5
1099,unacc,med,med,5more,4,med,low,1.0
1100,unacc,low,vhigh,3,2,med,high,1.0
1101,unacc,low,low,5more,4,big,low,1.0
1102,unacc,med,vhigh,2,more,big,low,1.0
1103,unacc,vhigh,vhigh,4,more,big,low,1.0
1104,unacc,vhigh,med,2,2,med,high,1.0
1105,vgood,low,high,3,more,big,high,1.0
1106,acc,high,med,3,4,med,high,1.0
1107,unacc,med,low,4,4,big,low,1.0
1108,unacc,med,vhigh,3,2,small,high,1.0
1109,unacc,low,vhigh,3,more,small,low,1.0
1110,unacc,vhigh,low,5more,2,big,low,1.0
1111,vgood,low,low,4,more,med,high,1.0
1112,unacc,vhigh,med,4,4,small,low,1.0
1113,good,med,low,4,more,med,med,1.0
1114,unacc,med,vhigh,2,2,big,high,1.0
1115,good,med,low,3,4,big,med,1.0
1116,good,med,low,2,4,small,high,1.0
1117,vgood,med,med,4,more,big,high,1.0
1118,acc,low,vhigh,5more,more,med,high,1.0
1119,acc,high,med,4,more,small,high,1.0
1120,unacc,vhigh,low,4,4,med,low,1.0
1121,acc,med,high,2,4,small,high,1.0
1122,unacc,med,high,3,2,big,high,1.0
1123,unacc,med,high,5more,2,small,high,1.0
1124,unacc,vhigh,med,2,more,med,low,1.0
1125,unacc,vhigh,low,5more,more,small,med,1.0
1126,unacc,low,vhigh,5more,4,small,low,1.0
1127,unacc,med,med,2,more,small,med,1.0
1128,unacc,med,high,3,2,big,med,1.0
1129,unacc,high,high,4,2,small,high,1.0
1130,acc,low,high,5more,more,big,med,1.0
1131,unacc,high,vhigh,3,more,big,med,1.0
1132,unacc,vhigh,low,3,4,med,low,1.0
1133,unacc,high,med,5more,4,big,low,1.0
1134,unacc,high,vhigh,3,more,small,low,1.0
1135,unacc,med,high,3,2,med,low,1.0
1136,unacc,low,low,3,more,small,low,1.0
1137,unacc,low,high,4,4,small,low,1.0
1138,unacc,vhigh,med,2,2,small,low,1.0
1139,unacc,vhigh,high,3,4,small,med,1.0
1140,unacc,high,high,2,2,med,high,1.0
1141,unacc,vhigh,med,2,2,med,med,1.0
1142,unacc,high,med,3,2,med,med,1.0
1143,unacc,low,high,4,2,small,low,1.0
1144,unacc,med,high,3,2,big,low,1.0
1145,acc,vhigh,med,4,4,big,med,1.0
1146,acc,low,vhigh,4,4,big,high,1.0
1147,unacc,low,low,3,2,big,high,1.0
1148,vgood,low,high,4,more,med,high,1.0
1149,unacc,high,high,5more,4,med,low,1.0
1150,unacc,low,med,3,2,med,low,1.0
1151,acc,low,vhigh,2,more,big,med,1.0
1152,unacc,high,med,4,2,med,med,1.0
1153,unacc,high,vhigh,2,more,small,med,1.0
1154,unacc,low,vhigh,3,2,big,low,1.0
1155,unacc,med,high,3,more,small,med,1.0
1156,unacc,med,high,2,more,small,high,1.0
1157,unacc,high,vhigh,4,more,big,high,1.0
1158,acc,med,vhigh,3,4,big,high,1.0
1159,unacc,vhigh,vhigh,5more,2,med,med,1.0
1160,unacc,high,med,5more,more,med,low,1.0
1161,unacc,med,vhigh,3,2,small,low,1.0
1162,unacc,high,high,4,4,med,high,0.5
1163,acc,vhigh,med,5more,more,med,high,1.0
1164,unacc,med,low,2,2,small,low,1.0
1165,unacc,vhigh,high,5more,4,big,low,1.0
1166,acc,high,med,4,4,med,med,1.0
1167,unacc,vhigh,vhigh,4,2,big,high,1.0
1168,unacc,vhigh,med,2,more,big,low,1.0
1169,unacc,high,med,5more,2,med,high,1.0
1170,acc,low,high,2,4,med,high,1.0
1171,vgood,med,med,3,more,med,high,1.0
1172,unacc,med,high,3,4,small,med,1.0
1173,unacc,high,low,2,4,med,low,1.0
1174,good,low,low,3,more,big,med,1.0
1175,vgood,low,high,5more,more,med,high,1.0
1176,unacc,vhigh,vhigh,3,more,small,high,1.0
1177,acc,med,med,3,more,med,med,1.0
1178,unacc,high,vhigh,3,4,small,med,1.0
1179,unacc,low,high,3,2,big,med,1.0
1180,unacc,vhigh,high,2,more,small,med,1.0
1181,unacc,vhigh,vhigh,2,more,med,med,0.25
1182,unacc,vhigh,low,4,2,small,low,1.0
1183,unacc,vhigh,high,5more,more,small,low,1.0
1184,acc,high,high,2,more,big,med,0.5
1185,unacc,vhigh,vhigh,4,4,med,high,1.0
1186,acc,low,vhigh,5more,4,small,high,1.0
1187,unacc,low,vhigh,5more,2,small,high,1.0
1188,vgood,low,low,2,4,big,high,1.0
1189,acc,med,vhigh,5more,more,big,med,1.0
1190,unacc,med,vhigh,5more,more,small,med,1.0
1191,acc,high,high,5more,4,big,med,0.5
1192,acc,med,med,4,4,med,med,1.0
1193,unacc,med,low,4,2,big,med,1.0
1194,unacc,vhigh,vhigh,4,more,med,high,1.0
1195,good,med,low,5more,more,small,high,1.0
1196,acc,vhigh,low,2,4,big,med,1.0
1197,unacc,vhigh,med,4,2,big,med,1.0
1198,acc,vhigh,low,5more,more,small,high,1.0
1199,unacc,high,med,2,2,big,low,1.0
1200,unacc,low,low,2,2,med,low,1.0
1201,acc,vhigh,med,2,4,big,high,1.0
1202,unacc,high,low,4,2,med,med,1.0
1203,unacc,low,high,2,more,small,low,1.0
1204,unacc,vhigh,high,4,4,med,high,1.0
1205,unacc,low,vhigh,2,more,small,high,1.0
1206,unacc,low,high,5more,4,big,low,1.0
1207,unacc,high,med,4,4,small,low,1.0
1208,unacc,high,vhigh,2,more,med,high,1.0
1209,unacc,high,med,2,more,big,low,1.0
1210,unacc,low,vhigh,5more,2,big,med,1.0
1211,acc,high,high,3,more,small,high,0.5
1212,vgood,low,med,4,4,med,high,1.0
1213,unacc,vhigh,vhigh,2,2,small,high,0.6666666666666666
1214,unacc,med,med,2,2,big,high,1.0
1215,acc,low,high,4,4,med,med,1.0
1216,acc,med,vhigh,2,more,big,high,1.0
1217,acc,vhigh,low,3,4,med,high,1.0
1218,acc,low,high,5more,4,small,high,1.0
1219,unacc,med,high,2,4,med,med,1.0
1220,unacc,vhigh,vhigh,3,4,med,med,1.0
1221,acc,med,high,3,4,big,high,1.0
1222,unacc,vhigh,high,5more,4,med,med,1.0
1223,acc,med,med,4,more,med,med,1.0
1224,unacc,high,med,3,4,small,med,1.0
1225,unacc,high,high,2,2,med,low,1.0
1226,unacc,med,vhigh,4,2,small,high,1.0
1227,unacc,high,high,3,4,big,high,0.5
1228,unacc,vhigh,high,2,more,big,low,1.0
1229,unacc,high,vhigh,4,2,med,med,1.0
1230,unacc,low,high,5more,2,med,high,1.0
1231,unacc,med,low,2,more,med,low,1.0
1232,good,low,med,5more,more,big,med,1.0
1233,acc,high,high,3,4,big,med,0.5
1234,unacc,med,low,4,2,small,med,1.0
1235,unacc,med,low,5more,4,big,low,1.0
1236,unacc,low,vhigh,5more,2,small,low,1.0
1237,unacc,low,vhigh,4,2,big,high,1.0
1238,good,low,low,5more,4,med,med,1.0
1239,unacc,med,med,3,more,med,low,1.0
1240,acc,vhigh,vhigh,2,2,big,high,0.25
1241,acc,vhigh,low,5more,more,big,high,1.0
1242,unacc,vhigh,low,5more,more,big,low,1.0
1243,good,low,low,5more,4,big,med,1.0
1244,unacc,vhigh,med,5more,more,big,low,1.0
1245,unacc,med,high,4,4,small,med,1.0
1246,unacc,low,med,4,2,big,high,1.0
1247,unacc,vhigh,vhigh,3,2,small,high,0.25
1248,unacc,high,vhigh,3,4,big,med,1.0
1249,unacc,med,vhigh,2,4,small,med,1.0
1250,unacc,vhigh,med,4,4,small,med,1.0
1251,unacc,low,low,4,more,small,low,1.0
1252,unacc,high,low,4,more,small,low,1.0
1253,acc,med,vhigh,4,4,small,high,1.0
1254,unacc,high,med,4,2,med,low,1.0
1255,unacc,vhigh,high,3,2,big,low,1.0
1256,acc,med,high,5more,more,small,high,1.0
1257,unacc,vhigh,high,2,2,med,high,1.0
1258,vgood,low,med,2,more,big,high,1.0
1259,unacc,med,vhigh,5more,2,small,high,1.0
1260,unacc,vhigh,high,2,2,med,low,1.0
1261,unacc,low,med,4,4,big,low,1.0
1262,unacc,low,high,3,2,small,high,1.0
1263,acc,vhigh,med,2,more,big,med,1.0
1264,unacc,med,high,3,4,med,low,1.0
1265,unacc,vhigh,vhigh,4,2,med,low,1.0
1266,acc,high,high,4,more,small,high,0.5
1267,unacc,high,high,4,4,med,low,1.0
1268,unacc,high,high,2,more,big,med,0.5
1269,unacc,med,vhigh,2,4,big,low,1.0
1270,unacc,high,med,4,4,med,low,1.0
1271,unacc,low,low,4,4,med,low,1.0
1272,unacc,low,low,4,2,big,high,1.0
1273,unacc,high,high,5more,4,small,high,0.5
1274,unacc,high,low,4,4,small,low,1.0
1275,good,med,low,4,4,small,high,1.0
1276,unacc,vhigh,vhigh,5more,4,big,high,1.0
1277,unacc,high,high,4,more,big,high,0.5
1278,unacc,med,vhigh,4,2,big,med,1.0
1279,unacc,vhigh,low,2,2,med,high,1.0
1280,acc,med,vhigh,4,more,med,med,1.0
1281,acc,med,med,4,more,small,high,1.0
1282,unacc,vhigh,high,2,2,big,low,1.0
1283,unacc,med,vhigh,2,2,small,low,1.0
1284,acc,med,vhigh,5more,more,small,high,1.0
1285,acc,low,vhigh,4,4,small,high,1.0
1286,unacc,high,med,4,2,small,high,1.0
1287,acc,med,high,4,more,big,high,1.0
1288,unacc,med,vhigh,2,4,small,low,1.0
1289,unacc,vhigh,vhigh,3,4,big,high,1.0
1290,unacc,med,med,3,more,big,low,1.0
1291,unacc,high,low,3,4,small,low,1.0
1292,acc,vhigh,med,5more,more,big,med,1.0
1293,acc,high,low,5more,more,big,high,1.0
1294,unacc,low,med,5more,more,small,low,1.0
1295,unacc,high,med,2,more,small,med,1.0
1296,vgood,low,low,4,4,med,high,1.0
1297,acc,high,low,5more,4,med,med,1.0
1298,unacc,low,low,2,more,small,med,1.0
1299,unacc,med,vhigh,4,more,small,low,1.0
1300,unacc,vhigh,med,2,2,small,med,1.0
1301,unacc,high,high,4,2,big,high,1.0
1302,unacc,high,vhigh,4,4,big,low,1.0
1303,acc,med,high,5more,more,big,med,1.0
1304,unacc,med,high,3,2,med,high,1.0
1305,acc,high,low,2,more,med,high,1.0
1306,unacc,med,med,5more,2,small,high,1.0
1307,unacc,high,med,4,2,big,high,1.0
1308,unacc,vhigh,high,4,4,med,med,1.0
1309,acc,high,med,2,4,med,high,1.0
1310,acc,vhigh,med,2,4,small,high,1.0
1311,acc,high,high,3,more,big,med,0.5
1312,unacc,low,med,3,2,med,high,1.0
1313,unacc,vhigh,high,5more,2,big,low,1.0
1314,acc,low,med,2,4,med,med,1.0
1315,acc,med,high,4,4,med,high,1.0
1316,unacc,high,vhigh,5more,more,big,high,1.0
1317,unacc,vhigh,high,4,2,small,high,1.0
1318,unacc,vhigh,vhigh,2,more,big,low,0.25
1319,unacc,vhigh,med,5more,2,big,high,1.0
1320,unacc,high,high,3,more,small,low,1.0
1321,acc,vhigh,vhigh,2,4,big,med,0.25
1322,unacc,high,vhigh,4,2,small,high,1.0
1323,unacc,high,vhigh,3,2,small,med,1.0
1324,unacc,med,high,4,2,med,med,1.0
1325,acc,vhigh,low,3,more,small,high,1.0
1326,unacc,med,med,2,2,small,med,1.0
1327,unacc,low,vhigh,3,2,med,low,1.0
1328,unacc,vhigh,high,3,4,med,high,1.0
1329,unacc,med,med,2,2,med,med,1.0
1330,unacc,low,med,5more,2,big,med,1.0
1331,acc,low,low,4,4,small,med,1.0
1332,acc,med,high,3,4,med,high,1.0
1333,unacc,high,vhigh,3,2,big,med,1.0
1334,unacc,high,high,4,more,med,high,0.5
1335,unacc,med,vhigh,3,4,med,med,1.0
1336,unacc,high,low,2,2,small,low,1.0
1337,unacc,high,med,2,2,small,low,1.0
1338,acc,med,vhigh,2,4,big,med,1.0
1339,unacc,high,med,5more,2,small,low,1.0
1340,unacc,med,high,5more,more,small,low,1.0
1341,vgood,med,med,4,4,med,high,1.0
1342,acc,low,low,4,more,small,med,1.0
1343,unacc,med,vhigh,4,more,med,low,1.0
1344,acc,vhigh,vhigh,2,4,med,high,0.25
1345,unacc,vhigh,low,4,2,small,high,1.0
1346,unacc,high,low,2,2,big,high,1.0
1347,acc,med,high,3,4,big,med,1.0
1348,unacc,high,med,3,2,small,low,1.0
1349,acc,vhigh,vhigh,2,more,big,high,0.25
1350,vgood,low,low,5more,more,big,high,1.0
1351,good,low,med,3,4,med,high,1.0
1352,acc,med,med,3,4,big,med,1.0
1353,unacc,med,med,4,2,small,high,1.0
1354,good,med,low,3,4,small,high,1.0
1355,unacc,med,high,2,2,med,low,1.0
1356,acc,vhigh,med,3,4,small,high,1.0
1357,unacc,low,low,5more,more,med,low,1.0
1358,unacc,low,high,3,2,small,med,1.0
1359,unacc,med,vhigh,5more,4,small,low,1.0
1360,unacc,high,high,3,4,small,low,1.0
1361,unacc,vhigh,high,3,2,med,high,1.0
1362,unacc,med,med,4,4,small,low,1.0
1363,unacc,high,vhigh,3,4,med,high,1.0
1364,acc,high,low,4,more,big,med,1.0
1365,unacc,vhigh,low,4,2,big,high,1.0
1366,unacc,low,vhigh,2,4,med,med,1.0
1367,unacc,high,low,3,2,big,high,1.0
1368,unacc,vhigh,med,3,2,big,low,1.0
1369,vgood,low,med,3,4,big,high,1.0
1370,unacc,high,low,4,2,small,med,1.0
1371,acc,med,high,2,more,med,high,1.0
1372,acc,low,vhigh,5more,4,big,high,1.0
1373,unacc,high,vhigh,3,more,small,med,1.0
1374,unacc,low,vhigh,5more,more,big,low,1.0
1375,unacc,med,vhigh,4,2,small,med,1.0
1376,unacc,high,high,3,4,med,high,0.5
1377,unacc,low,low,4,2,med,high,1.0
1378,acc,low,high,5more,4,big,med,1.0
1379,unacc,vhigh,med,3,4,small,low,1.0
1380,acc,med,vhigh,5more,more,med,high,1.0
1381,vgood,low,med,2,4,big,high,1.0
1382,unacc,vhigh,med,3,2,small,low,1.0
1383,unacc,high,high,3,2,med,med,1.0
1384,unacc,high,vhigh,2,more,small,high,1.0
1385,unacc,vhigh,low,3,more,small,med,1.0
1386,unacc,vhigh,med,3,more,small,med,1.0
1387,unacc,high,vhigh,4,4,small,med,1.0
1388,vgood,low,low,3,more,med,high,1.0
1389,unacc,vhigh,med,2,2,big,high,1.0
1390,unacc,med,med,3,4,small,low,1.0
1391,unacc,med,low,4,4,med,low,1.0
1392,acc,med,high,2,more,big,med,1.0
1393,unacc,vhigh,low,2,2,big,low,1.0
1394,unacc,med,vhigh,2,2,med,med,1.0
1395,unacc,high,high,2,more,small,low,1.0
1396,unacc,high,vhigh,3,4,small,high,1.0
1397,unacc,high,med,2,more,small,low,1.0
1398,vgood,med,low,5more,4,big,high,1.0
1399,acc,vhigh,low,5more,4,med,med,1.0
1400,acc,vhigh,low,2,4,med,high,1.0
1401,unacc,vhigh,high,5more,more,small,med,1.0
1402,unacc,vhigh,high,4,2,small,med,1.0
1403,unacc,high,med,2,more,med,med,1.0
1404,unacc,high,high,4,4,big,med,0.5
1405,good,med,low,3,more,big,med,1.0
1406,unacc,vhigh,high,3,4,big,med,1.0
1407,acc,vhigh,med,3,4,big,med,1.0
1408,unacc,med,med,4,4,med,low,1.0
1409,unacc,vhigh,low,3,4,big,low,1.0
1410,acc,high,low,3,4,big,high,1.0
1411,acc,vhigh,vhigh,2,4,big,low,0.25
1412,good,low,low,5more,more,big,med,1.0
1413,unacc,low,vhigh,2,2,small,med,1.0
1414,unacc,vhigh,high,4,more,small,med,1.0
1415,unacc,med,low,3,more,med,low,1.0
1416,acc,high,low,3,4,big,med,1.0
1417,unacc,med,med,4,2,med,low,1.0
1418,acc,high,high,3,4,big,high,0.5
1419,unacc,med,med,3,2,med,low,1.0
1420,acc,high,low,2,4,big,med,1.0
1421,unacc,med,med,5more,2,med,high,1.0
1422,unacc,vhigh,high,4,2,big,med,1.0
1423,acc,high,high,2,4,big,med,0.5
1424,unacc,low,med,3,2,big,low,1.0
1425,unacc,med,low,3,more,big,low,1.0
1426,good,low,low,5more,more,med,med,1.0
1427,unacc,vhigh,low,3,2,big,low,1.0
1428,unacc,high,high,4,more,big,med,0.5
1429,unacc,med,med,5more,2,med,med,1.0
1430,unacc,high,med,5more,more,small,med,1.0
1431,unacc,low,vhigh,4,2,small,high,1.0
1432,unacc,low,med,5more,2,small,med,1.0
1433,unacc,vhigh,med,2,2,small,high,1.0
1434,unacc,low,med,4,4,small,low,1.0
1435,unacc,vhigh,high,4,2,small,low,1.0
1436,unacc,med,low,4,more,small,low,1.0
1437,unacc,low,med,3,2,small,low,1.0
1438,unacc,low,low,3,2,big,med,1.0
1439,acc,low,med,3,4,med,med,1.0
1440,unacc,med,med,3,2,big,high,1.0
1441,acc,med,med,2,more,med,high,1.0
1442,unacc,vhigh,low,2,more,small,med,1.0
1443,acc,low,high,4,4,big,med,1.0
1444,acc,med,high,4,more,med,high,1.0
1445,unacc,med,high,3,4,small,low,1.0
1446,unacc,high,med,4,more,big,low,1.0
1447,unacc,low,med,3,2,small,high,1.0
1448,unacc,vhigh,med,5more,4,med,low,1.0
1449,unacc,low,med,3,more,big,low,1.0
1450,unacc,vhigh,vhigh,3,more,med,low,1.0
1451,acc,low,vhigh,4,more,med,high,1.0
1452,unacc,vhigh,vhigh,3,4,big,med,1.0
1453,unacc,high,vhigh,5more,2,small,low,1.0
1454,unacc,vhigh,med,4,4,med,low,1.0
1455,acc,med,vhigh,3,4,small,high,1.0
1456,unacc,high,high,4,4,small,low,1.0
1457,unacc,high,high,3,2,med,low,1.0
1458,unacc,high,med,5more,2,med,low,1.0
1459,acc,med,med,2,4,big,med,1.0
1460,unacc,low,high,5more,4,small,low,1.0
1461,unacc,med,med,2,2,med,high,1.0
1462,unacc,med,high,2,more,med,low,1.0
1463,unacc,high,low,5more,2,small,med,1.0
1464,acc,med,high,5more,4,med,high,1.0
1465,unacc,high,vhigh,3,2,big,high,1.0
1466,vgood,med,med,4,4,big,high,1.0
1467,unacc,vhigh,low,2,2,small,high,1.0
1468,acc,med,high,2,4,med,high,1.0
1469,unacc,high,low,2,more,small,high,1.0
1470,acc,med,med,4,4,small,high,1.0
1471,unacc,vhigh,high,2,2,small,high,1.0
1472,acc,vhigh,vhigh,2,2,small,high,0.6666666666666666
1473,unacc,high,high,2,2,big,med,1.0
1474,unacc,vhigh,vhigh,5more,more,small,low,1.0
1475,unacc,med,low,5more,2,small,med,1.0
1476,unacc,high,vhigh,4,4,small,low,1.0
1477,unacc,vhigh,low,3,2,small,low,1.0
1478,unacc,med,vhigh,2,2,big,med,1.0
1479,unacc,high,low,2,4,big,low,1.0
1480,vgood,low,low,3,4,big,high,1.0
1481,unacc,vhigh,high,4,more,med,low,1.0
1482,acc,low,vhigh,4,4,med,med,1.0
1483,good,low,low,2,4,med,high,1.0
1484,unacc,low,high,3,2,small,low,1.0
1485,unacc,high,vhigh,5more,4,med,med,1.0
1486,unacc,low,med,4,more,small,low,1.0
1487,acc,vhigh,vhigh,2,2,small,low,0.6666666666666666
1488,unacc,high,vhigh,2,4,big,med,1.0
1489,vgood,med,low,4,4,med,high,1.0
1490,acc,low,low,5more,4,small,med,1.0
1491,unacc,vhigh,low,4,2,big,med,1.0
1492,acc,vhigh,med,3,more,big,high,1.0
1493,unacc,low,vhigh,2,more,med,low,1.0
1494,unacc,low,high,4,more,med,low,1.0
1495,unacc,low,low,5more,more,big,low,1.0
1496,unacc,vhigh,high,2,4,small,high,1.0
1497,acc,vhigh,med,2,4,big,med,1.0
1498,vgood,low,med,3,more,med,high,1.0
1499,unacc,med,vhigh,3,4,big,low,1.0
1500,unacc,med,low,3,2,big,low,1.0
1501,unacc,vhigh,vhigh,5more,4,big,low,1.0
1502,unacc,vhigh,high,2,2,big,med,1.0
1503,unacc,vhigh,low,2,2,small,med,1.0
1504,unacc,high,med,2,4,big,low,1.0
1505,unacc,high,low,4,4,small,med,1.0
1506,unacc,vhigh,high,3,more,small,low,1.0
1507,unacc,med,low,5more,more,med,low,1.0
1508,unacc,high,med,3,4,med,med,1.0
1509,acc,high,med,5more,more,big,med,1.0
1510,acc,med,med,5more,4,small,med,1.0
1511,acc,high,high,2,more,big,high,0.5
1512,unacc,high,high,3,4,big,med,0.5
1513,unacc,vhigh,high,5more,2,big,med,1.0
1514,acc,low,low,2,4,small,med,1.0
1515,acc,vhigh,vhigh,2,more,med,high,0.25
1516,unacc,vhigh,low,5more,2,med,low,1.0
1517,unacc,vhigh,high,5more,4,small,high,1.0
1518,vgood,low,high,3,4,big,high,1.0
1519,unacc,high,vhigh,3,2,big,low,1.0
1520,unacc,med,low,3,2,small,high,1.0
1521,unacc,vhigh,low,2,more,med,med,1.0
1522,vgood,med,med,5more,more,med,high,1.0
1523,unacc,high,low,5more,4,big,low,1.0
1524,unacc,high,high,2,4,big,low,1.0
1525,unacc,low,low,2,4,med,low,1.0
1526,vgood,low,med,4,more,big,high,1.0
1527,acc,med,vhigh,2,more,big,med,1.0
1528,unacc,high,vhigh,5more,2,big,med,1.0
1529,acc,vhigh,low,5more,4,small,high,1.0
1530,unacc,high,vhigh,3,4,med,low,1.0
1531,good,low,low,4,4,small,high,1.0
1532,unacc,vhigh,vhigh,2,4,med,med,0.25
1533,unacc,low,med,2,2,small,low,1.0
1534,unacc,med,low,5more,more,small,low,1.0
1535,unacc,high,high,4,more,small,high,0.5
1536,unacc,high,vhigh,3,more,big,high,1.0
1537,unacc,high,high,4,4,small,high,0.5
1538,unacc,vhigh,high,3,more,small,med,1.0
1539,unacc,high,vhigh,5more,2,big,high,1.0
1540,unacc,low,med,2,2,med,high,1.0
1541,unacc,high,vhigh,4,more,big,med,1.0
1542,unacc,high,med,2,4,med,low,1.0
1543,acc,med,med,5more,more,med,med,1.0
1544,unacc,med,high,2,more,med,med,1.0
1545,unacc,low,vhigh,2,2,small,high,1.0
1546,unacc,low,vhigh,3,more,big,low,1.0
1547,unacc,med,med,5more,4,small,low,1.0
1548,unacc,vhigh,high,4,more,big,high,1.0
1549,unacc,high,vhigh,4,2,big,low,1.0
1550,unacc,vhigh,med,5more,more,med,low,1.0
1551,unacc,med,med,4,2,big,med,1.0
1552,unacc,high,high,2,4,med,med,1.0
1553,unacc,high,med,2,2,small,med,1.0
1554,acc,med,vhigh,5more,more,med,med,1.0
1555,good,med,low,3,more,small,high,1.0
1556,unacc,low,high,3,2,med,high,1.0
1557,unacc,low,low,3,more,med,low,1.0
1558,unacc,low,med,2,2,big,med,1.0
1559,vgood,low,low,4,4,big,high,1.0
1560,good,low,med,4,more,small,high,1.0
1561,good,low,med,4,4,med,med,1.0
1562,acc,med,med,5more,4,small,high,1.0
1563,unacc,high,low,4,more,med,low,1.0
1564,unacc,low,vhigh,4,more,med,low,1.0
1565,acc,low,vhigh,4,more,big,high,1.0
1566,unacc,high,high,3,more,small,high,0.5
1567,acc,low,high,4,4,small,high,1.0
1568,unacc,high,high,2,4,small,med,1.0
1569,unacc,vhigh,low,5more,2,big,high,1.0
1570,unacc,med,med,5more,more,med,low,1.0
1571,unacc,med,vhigh,5more,2,big,high,1.0
1572,unacc,low,high,2,2,big,high,1.0
1573,unacc,med,high,3,4,big,low,1.0
1574,unacc,vhigh,med,2,2,med,low,1.0
1575,unacc,vhigh,high,3,more,med,high,1.0
1576,acc,vhigh,vhigh,2,4,big,high,0.25
1577,unacc,low,med,4,more,big,low,1.0
1578,unacc,vhigh,vhigh,5more,more,small,med,1.0
1579,unacc,low,low,3,2,small,low,1.0
1580,unacc,low,low,4,2,med,low,1.0
1581,acc,low,high,5more,4,med,med,1.0
1582,unacc,vhigh,vhigh,5more,2,small,low,1.0
1583,unacc,low,med,2,more,big,low,1.0
1584,unacc,low,high,2,2,big,low,1.0
1585,unacc,vhigh,vhigh,3,more,big,low,1.0
1586,unacc,high,high,3,more,big,med,0.5
1587,unacc,vhigh,vhigh,3,2,big,med,1.0
1588,unacc,vhigh,high,5more,2,med,med,1.0
1589,unacc,vhigh,high,4,4,small,high,1.0
1590,unacc,med,med,3,more,small,low,1.0
1591,unacc,high,vhigh,4,4,med,high,1.0
1592,acc,vhigh,low,4,more,big,med,1.0
1593,acc,med,low,5more,4,small,med,1.0
1594,unacc,med,high,2,4,small,low,1.0
1595,vgood,med,low,4,more,big,high,1.0
1596,unacc,vhigh,high,2,more,med,med,1.0
1597,unacc,med,vhigh,4,2,med,high,1.0
1598,unacc,vhigh,vhigh,2,2,small,low,0.6666666666666666
1599,acc,med,high,5more,4,small,high,1.0
1600,acc,vhigh,vhigh,3,2,med,med,0.25
1601,unacc,high,vhigh,2,4,big,low,1.0
1602,acc,med,vhigh,4,4,med,med,1.0
1603,acc,vhigh,vhigh,2,more,med,med,0.25
1604,good,low,low,2,more,big,med,1.0
1605,acc,low,high,2,4,med,med,1.0
1606,acc,vhigh,med,2,more,big,high,1.0
1607,acc,med,med,3,4,med,med,1.0
1608,unacc,high,vhigh,2,2,big,low,1.0
1609,acc,med,vhigh,3,more,med,med,1.0
1610,unacc,med,high,3,more,small,low,1.0
1611,acc,med,vhigh,3,4,med,high,1.0
1612,unacc,vhigh,vhigh,3,4,small,high,1.0
1613,unacc,low,high,5more,more,small,low,1.0
1614,vgood,low,high,4,4,med,high,1.0
1615,unacc,high,med,2,2,med,med,1.0
1616,unacc,vhigh,high,5more,4,big,med,1.0
1617,unacc,med,vhigh,2,more,med,med,1.0
1618,acc,high,med,4,4,big,med,1.0
1619,unacc,high,vhigh,4,more,med,med,1.0
1620,unacc,med,med,3,2,med,high,1.0
1621,unacc,vhigh,low,3,4,small,med,1.0
1622,unacc,med,high,2,4,big,low,1.0
1623,unacc,low,low,2,2,med,med,1.0
1624,unacc,vhigh,low,4,2,small,med,1.0
1625,unacc,high,low,2,more,med,med,1.0
1626,acc,vhigh,med,2,more,med,high,1.0
1627,acc,high,med,4,more,med,high,1.0
1628,unacc,high,high,5more,4,big,med,0.5
1629,unacc,med,vhigh,5more,4,small,med,1.0
1630,unacc,vhigh,med,5more,more,small,med,1.0
1631,unacc,high,high,2,2,small,high,1.0
1632,acc,high,low,4,4,med,high,1.0
1633,unacc,vhigh,low,4,more,small,low,1.0
1634,unacc,low,high,5more,2,small,med,1.0
1635,acc,med,med,3,more,small,high,1.0
1636,unacc,vhigh,low,5more,4,small,low,1.0
1637,unacc,low,vhigh,4,4,small,low,1.0
1638,acc,vhigh,vhigh,2,2,med,low,0.6666666666666666
1639,unacc,high,vhigh,5more,2,small,med,1.0
1640,unacc,high,vhigh,4,2,big,med,1.0
1641,unacc,vhigh,vhigh,5more,2,big,med,1.0
1642,unacc,low,vhigh,2,2,med,high,1.0
1643,unacc,high,med,4,more,med,low,1.0
1644,acc,low,vhigh,4,4,med,high,1.0
1645,acc,high,low,3,more,small,high,1.0
1646,acc,high,med,5more,more,med,high,1.0
1647,unacc,low,high,5more,2,med,med,1.0
1648,acc,low,vhigh,4,more,big,med,1.0
1649,unacc,vhigh,low,2,2,med,med,1.0
1650,unacc,vhigh,high,2,more,small,low,1.0
1651,unacc,high,vhigh,5more,2,med,low,1.0
1652,unacc,vhigh,high,4,more,med,med,1.0
1653,unacc,low,med,5more,4,big,low,1.0
1654,acc,vhigh,vhigh,2,4,med,med,0.25
1655,acc,med,vhigh,5more,4,med,high,1.0
1656,unacc,vhigh,low,3,more,med,low,1.0
1657,unacc,med,vhigh,5more,2,big,med,1.0
1658,acc,high,low,4,4,med,med,1.0
1659,acc,med,high,5more,more,big,high,1.0
1660,unacc,high,high,4,2,small,med,1.0
1661,unacc,vhigh,vhigh,3,4,big,low,1.0
1662,acc,vhigh,vhigh,2,4,small,med,0.25
1663,acc,high,low,2,4,big,high,1.0
1664,unacc,vhigh,vhigh,2,more,big,high,0.25
1665,acc,med,med,4,more,small,med,1.0
1666,unacc,low,low,2,2,big,low,1.0
1667,acc,vhigh,low,2,more,med,high,1.0
1668,unacc,vhigh,vhigh,2,4,big,high,0.25
1669,unacc,med,high,2,4,med,low,1.0
1670,unacc,high,low,5more,2,small,low,1.0
1671,good,low,low,4,4,med,med,1.0
1672,acc,low,vhigh,3,more,med,med,1.0
1673,unacc,high,med,2,2,big,high,1.0
1674,acc,med,vhigh,2,4,med,high,1.0
1675,unacc,high,low,2,more,small,low,1.0
1676,good,low,low,2,more,med,high,1.0
1677,acc,high,med,3,more,med,med,1.0
1678,unacc,med,low,3,2,med,med,1.0
1679,acc,high,med,2,4,big,med,1.0
1680,acc,high,high,2,4,small,high,0.5
1681,unacc,vhigh,med,2,more,small,high,1.0
1682,unacc,low,high,2,more,med,low,1.0
1683,good,low,med,3,more,big,med,1.0
1684,unacc,high,low,4,4,med,low,1.0
1685,unacc,low,vhigh,4,4,med,low,1.0
1686,acc,low,vhigh,3,more,big,high,1.0
1687,unacc,high,low,3,2,small,low,1.0
1688,unacc,med,med,2,2,small,high,1.0
1689,unacc,vhigh,high,3,4,small,low,1.0
1690,unacc,vhigh,med,3,2,big,high,1.0
1691,vgood,med,low,3,more,big,high,1.0
1692,unacc,vhigh,low,4,2,big,low,1.0
1693,unacc,vhigh,vhigh,4,2,small,low,1.0
1694,unacc,med,med,2,more,big,low,1.0
1695,acc,vhigh,low,2,4,big,high,1.0
1696,acc,med,vhigh,4,more,med,high,1.0
1697,unacc,vhigh,vhigh,3,4,small,med,1.0
1698,unacc,high,vhigh,5more,4,med,high,1.0
1699,acc,vhigh,low,2,4,small,high,1.0
1700,unacc,low,low,5more,more,small,low,1.0
1701,unacc,med,med,2,4,small,low,1.0
1702,unacc,vhigh,low,4,more,small,med,1.0
1703,unacc,high,high,4,more,big,low,1.0
1704,acc,med,vhigh,3,more,big,med,1.0
1705,unacc,vhigh,low,2,more,small,high,1.0
1706,unacc,med,low,5more,2,big,low,1.0
1707,unacc,high,med,3,2,big,high,1.0
1708,acc,med,vhigh,5more,4,small,high,1.0
1709,acc,low,vhigh,3,more,big,med,1.0
1710,unacc,low,med,4,4,med,low,1.0
1711,acc,med,high,3,4,small,high,1.0
1712,unacc,vhigh,vhigh,2,2,small,med,0.6666666666666666
1713,unacc,low,vhigh,4,more,big,low,1.0
1714,unacc,high,vhigh,2,2,big,high,1.0
1715,unacc,med,high,3,2,med,med,1.0
1716,vgood,med,low,5more,4,med,high,1.0
1717,acc,med,med,5more,4,med,med,1.0
1718,unacc,high,low,2,4,med,med,1.0
1719,vgood,low,med,5more,4,big,high,1.0
1720,unacc,vhigh,med,5more,2,med,low,1.0
1721,acc,med,high,3,more,big,high,1.0
1722,unacc,med,vhigh,3,2,med,high,1.0
1723,acc,low,low,5more,more,small,med,1.0
1724,unacc,high,high,2,more,med,high,0.5
1725,unacc,high,high,3,2,big,med,1.0
1726,acc,vhigh,med,4,more,big,med,1.0
1727,good,low,low,4,4,big,med,1.0
1728,unacc,vhigh,low,2,2,big,med,1.0
1729,vgood,med,low,3,more,med,high,1.0
1730,unacc,med,high,2,more,small,low,1.0
1731,acc,low,vhigh,5more,4,med,med,1.0
1732,acc,med,vhigh,3,more,med,high,1.0
1733,unacc,vhigh,vhigh,4,more,med,med,1.0
1734,unacc,high,vhigh,2,4,med,high,1.0
1735,unacc,high,vhigh,3,more,big,low,1.0
1736,acc,high,high,2,4,big,high,0.5
1737,unacc,med,vhigh,2,more,small,low,1.0
1738,unacc,low,med,2,more,med,low,1.0
1739,unacc,high,med,4,2,big,low,1.0
1740,unacc,high,vhigh,3,2,med,high,1.0
1741,unacc,vhigh,low,3,2,small,med,1.0
1742,good,low,med,3,more,med,med,1.0
1743,unacc,high,vhigh,5more,2,med,high,1.0
1744,unacc,high,vhigh,4,4,big,high,1.0
1745,unacc,high,med,5more,2,small,med,1.0
1746,unacc,med,low,2,more,small,med,1.0
1747,unacc,low,low,3,2,small,high,1.0
1748,unacc,low,vhigh,3,4,small,low,1.0
1749,unacc,low,high,5more,2,small,high,1.0
1750,unacc,med,low,2,more,small,low,1.0
1751,unacc,high,high,3,4,big,low,1.0
1752,unacc,med,low,4,2,med,low,1.0
1753,unacc,high,low,4,2,med,high,1.0
1754,unacc,vhigh,vhigh,4,2,small,med,1.0
1755,unacc,vhigh,high,2,4,big,low,1.0
1756,vgood,low,high,4,4,big,high,1.0
1757,unacc,vhigh,vhigh,2,4,small,med,0.25
1758,unacc,vhigh,high,4,4,small,med,1.0
1759,unacc,med,vhigh,5more,4,big,low,1.0
1760,unacc,high,med,4,2,small,med,1.0
1761,good,low,med,3,4,small,high,1.0
1762,unacc,med,low,5more,2,small,low,1.0
1763,unacc,high,high,3,more,big,high,0.5
1764,unacc,med,high,2,more,small,med,1.0
1765,acc,vhigh,low,5more,more,big,med,1.0
1766,unacc,high,vhigh,3,2,med,low,1.0
1767,unacc,vhigh,med,5more,2,small,low,1.0
1768,acc,low,vhigh,2,4,big,med,1.0
1769,vgood,low,low,5more,4,big,high,1.0
1770,unacc,vhigh,high,2,2,big,high,1.0
1771,unacc,high,high,3,more,med,low,1.0
1772,unacc,low,vhigh,4,4,big,low,1.0
1773,unacc,high,low,4,4,big,low,1.0
1774,unacc,high,vhigh,5more,more,small,high,1.0
1775,acc,med,high,4,4,med,med,1.0
1776,acc,med,vhigh,5more,more,big,high,1.0
1777,unacc,med,low,3,2,big,med,1.0
1778,unacc,high,vhigh,3,2,small,high,1.0
1779,vgood,low,high,2,4,big,high,1.0
1780,unacc,high,vhigh,5more,more,med,high,1.0
1781,unacc,vhigh,low,3,2,small,high,1.0
1782,unacc,low,med,3,4,small,low,1.0
1783,unacc,low,low,3,2,med,high,1.0
1784,unacc,vhigh,vhigh,2,more,med,high,0.25
1785,unacc,low,low,3,2,med,low,1.0
1786,unacc,vhigh,vhigh,2,2,med,high,0.3333333333333333
1787,acc,low,vhigh,3,4,med,high,1.0
1788,unacc,med,med,4,2,small,med,1.0
1789,unacc,high,high,2,2,med,med,1.0
1790,unacc,low,high,4,2,big,low,1.0
1791,unacc,med,vhigh,5more,2,big,low,1.0
1792,good,med,low,4,4,med,med,1.0
1793,acc,med,vhigh,5more,4,big,high,1.0
1794,unacc,med,low,5more,2,med,med,1.0
1795,unacc,low,vhigh,4,2,med,low,1.0
1796,vgood,med,low,5more,more,med,high,1.0
1797,acc,low,high,4,more,med,med,1.0
